--
-- PostgreSQL database dump
--

-- Dumped from database version 16.1 (Debian 16.1-1.pgdg120+1)
-- Dumped by pg_dump version 16.1 (Debian 16.1-1.pgdg120+1)

SET statement_timeout = 0;
SET lock_timeout = 0;
SET idle_in_transaction_session_timeout = 0;
SET client_encoding = 'UTF8';
SET standard_conforming_strings = on;
SELECT pg_catalog.set_config('search_path', '', false);
SET check_function_bodies = false;
SET xmloption = content;
SET client_min_messages = warning;
SET row_security = off;

SET default_tablespace = '';

SET default_table_access_method = heap;

--
-- Name: nc_acl; Type: TABLE; Schema: public; Owner: postgres
--

CREATE TABLE public.nc_acl (
    id integer NOT NULL,
    project_id character varying(255),
    db_alias character varying(255) DEFAULT 'db'::character varying,
    tn character varying(255),
    acl text,
    type character varying(255) DEFAULT 'table'::character varying,
    created_at timestamp with time zone,
    updated_at timestamp with time zone
);


ALTER TABLE public.nc_acl OWNER TO postgres;

--
-- Name: nc_acl_id_seq; Type: SEQUENCE; Schema: public; Owner: postgres
--

CREATE SEQUENCE public.nc_acl_id_seq
    AS integer
    START WITH 1
    INCREMENT BY 1
    NO MINVALUE
    NO MAXVALUE
    CACHE 1;


ALTER SEQUENCE public.nc_acl_id_seq OWNER TO postgres;

--
-- Name: nc_acl_id_seq; Type: SEQUENCE OWNED BY; Schema: public; Owner: postgres
--

ALTER SEQUENCE public.nc_acl_id_seq OWNED BY public.nc_acl.id;


--
-- Name: nc_api_tokens; Type: TABLE; Schema: public; Owner: postgres
--

CREATE TABLE public.nc_api_tokens (
    id integer NOT NULL,
    base_id character varying(255),
    db_alias character varying(255),
    description character varying(255),
    permissions text,
    token text,
    expiry character varying(255),
    enabled boolean DEFAULT true,
    created_at timestamp with time zone,
    updated_at timestamp with time zone,
    fk_user_id character varying(20)
);


ALTER TABLE public.nc_api_tokens OWNER TO postgres;

--
-- Name: nc_api_tokens_id_seq; Type: SEQUENCE; Schema: public; Owner: postgres
--

CREATE SEQUENCE public.nc_api_tokens_id_seq
    AS integer
    START WITH 1
    INCREMENT BY 1
    NO MINVALUE
    NO MAXVALUE
    CACHE 1;


ALTER SEQUENCE public.nc_api_tokens_id_seq OWNER TO postgres;

--
-- Name: nc_api_tokens_id_seq; Type: SEQUENCE OWNED BY; Schema: public; Owner: postgres
--

ALTER SEQUENCE public.nc_api_tokens_id_seq OWNED BY public.nc_api_tokens.id;


--
-- Name: nc_audit; Type: TABLE; Schema: public; Owner: postgres
--

CREATE TABLE public.nc_audit (
    id integer NOT NULL,
    "user" character varying(255),
    ip character varying(255),
    project_id character varying(255),
    db_alias character varying(255),
    model_name character varying(100),
    model_id character varying(100),
    op_type character varying(255),
    op_sub_type character varying(255),
    status character varying(255),
    description text,
    details text,
    created_at timestamp with time zone,
    updated_at timestamp with time zone
);


ALTER TABLE public.nc_audit OWNER TO postgres;

--
-- Name: nc_audit_id_seq; Type: SEQUENCE; Schema: public; Owner: postgres
--

CREATE SEQUENCE public.nc_audit_id_seq
    AS integer
    START WITH 1
    INCREMENT BY 1
    NO MINVALUE
    NO MAXVALUE
    CACHE 1;


ALTER SEQUENCE public.nc_audit_id_seq OWNER TO postgres;

--
-- Name: nc_audit_id_seq; Type: SEQUENCE OWNED BY; Schema: public; Owner: postgres
--

ALTER SEQUENCE public.nc_audit_id_seq OWNED BY public.nc_audit.id;


--
-- Name: nc_audit_v2; Type: TABLE; Schema: public; Owner: postgres
--

CREATE TABLE public.nc_audit_v2 (
    id character varying(20) NOT NULL,
    "user" character varying(255),
    ip character varying(255),
    source_id character varying(20),
    base_id character varying(128),
    fk_model_id character varying(20),
    row_id character varying(255),
    op_type character varying(255),
    op_sub_type character varying(255),
    status character varying(255),
    description text,
    details text,
    created_at timestamp with time zone DEFAULT CURRENT_TIMESTAMP NOT NULL,
    updated_at timestamp with time zone DEFAULT CURRENT_TIMESTAMP NOT NULL
);


ALTER TABLE public.nc_audit_v2 OWNER TO postgres;

--
-- Name: nc_base_users_v2; Type: TABLE; Schema: public; Owner: postgres
--

CREATE TABLE public.nc_base_users_v2 (
    base_id character varying(128),
    fk_user_id character varying(20),
    roles text,
    starred boolean,
    pinned boolean,
    "group" character varying(255),
    color character varying(255),
    "order" real,
    hidden real,
    opened_date timestamp with time zone,
    created_at timestamp with time zone DEFAULT CURRENT_TIMESTAMP NOT NULL,
    updated_at timestamp with time zone DEFAULT CURRENT_TIMESTAMP NOT NULL
);


ALTER TABLE public.nc_base_users_v2 OWNER TO postgres;

--
-- Name: nc_bases_v2; Type: TABLE; Schema: public; Owner: postgres
--

CREATE TABLE public.nc_bases_v2 (
    id character varying(128) NOT NULL,
    title character varying(255),
    prefix character varying(255),
    status character varying(255),
    description text,
    meta text,
    color character varying(255),
    uuid character varying(255),
    password character varying(255),
    roles character varying(255),
    deleted boolean DEFAULT false,
    is_meta boolean,
    "order" real,
    created_at timestamp with time zone DEFAULT CURRENT_TIMESTAMP NOT NULL,
    updated_at timestamp with time zone DEFAULT CURRENT_TIMESTAMP NOT NULL
);


ALTER TABLE public.nc_bases_v2 OWNER TO postgres;

--
-- Name: nc_col_barcode_v2; Type: TABLE; Schema: public; Owner: postgres
--

CREATE TABLE public.nc_col_barcode_v2 (
    id character varying(20) NOT NULL,
    fk_column_id character varying(20),
    fk_barcode_value_column_id character varying(20),
    barcode_format character varying(15),
    deleted boolean,
    created_at timestamp with time zone DEFAULT CURRENT_TIMESTAMP NOT NULL,
    updated_at timestamp with time zone DEFAULT CURRENT_TIMESTAMP NOT NULL
);


ALTER TABLE public.nc_col_barcode_v2 OWNER TO postgres;

--
-- Name: nc_col_formula_v2; Type: TABLE; Schema: public; Owner: postgres
--

CREATE TABLE public.nc_col_formula_v2 (
    id character varying(20) NOT NULL,
    fk_column_id character varying(20),
    formula text NOT NULL,
    formula_raw text,
    error text,
    deleted boolean,
    "order" real,
    created_at timestamp with time zone DEFAULT CURRENT_TIMESTAMP NOT NULL,
    updated_at timestamp with time zone DEFAULT CURRENT_TIMESTAMP NOT NULL,
    parsed_tree text
);


ALTER TABLE public.nc_col_formula_v2 OWNER TO postgres;

--
-- Name: nc_col_lookup_v2; Type: TABLE; Schema: public; Owner: postgres
--

CREATE TABLE public.nc_col_lookup_v2 (
    id character varying(20) NOT NULL,
    fk_column_id character varying(20),
    fk_relation_column_id character varying(20),
    fk_lookup_column_id character varying(20),
    deleted boolean,
    created_at timestamp with time zone DEFAULT CURRENT_TIMESTAMP NOT NULL,
    updated_at timestamp with time zone DEFAULT CURRENT_TIMESTAMP NOT NULL
);


ALTER TABLE public.nc_col_lookup_v2 OWNER TO postgres;

--
-- Name: nc_col_qrcode_v2; Type: TABLE; Schema: public; Owner: postgres
--

CREATE TABLE public.nc_col_qrcode_v2 (
    id character varying(20) NOT NULL,
    fk_column_id character varying(20),
    fk_qr_value_column_id character varying(20),
    deleted boolean,
    "order" real,
    created_at timestamp with time zone DEFAULT CURRENT_TIMESTAMP NOT NULL,
    updated_at timestamp with time zone DEFAULT CURRENT_TIMESTAMP NOT NULL
);


ALTER TABLE public.nc_col_qrcode_v2 OWNER TO postgres;

--
-- Name: nc_col_relations_v2; Type: TABLE; Schema: public; Owner: postgres
--

CREATE TABLE public.nc_col_relations_v2 (
    id character varying(20) NOT NULL,
    ref_db_alias character varying(255),
    type character varying(255),
    virtual boolean,
    db_type character varying(255),
    fk_column_id character varying(20),
    fk_related_model_id character varying(20),
    fk_child_column_id character varying(20),
    fk_parent_column_id character varying(20),
    fk_mm_model_id character varying(20),
    fk_mm_child_column_id character varying(20),
    fk_mm_parent_column_id character varying(20),
    ur character varying(255),
    dr character varying(255),
    fk_index_name character varying(255),
    deleted boolean,
    created_at timestamp with time zone DEFAULT CURRENT_TIMESTAMP NOT NULL,
    updated_at timestamp with time zone DEFAULT CURRENT_TIMESTAMP NOT NULL
);


ALTER TABLE public.nc_col_relations_v2 OWNER TO postgres;

--
-- Name: nc_col_rollup_v2; Type: TABLE; Schema: public; Owner: postgres
--

CREATE TABLE public.nc_col_rollup_v2 (
    id character varying(20) NOT NULL,
    fk_column_id character varying(20),
    fk_relation_column_id character varying(20),
    fk_rollup_column_id character varying(20),
    rollup_function character varying(255),
    deleted boolean,
    created_at timestamp with time zone DEFAULT CURRENT_TIMESTAMP NOT NULL,
    updated_at timestamp with time zone DEFAULT CURRENT_TIMESTAMP NOT NULL
);


ALTER TABLE public.nc_col_rollup_v2 OWNER TO postgres;

--
-- Name: nc_col_select_options_v2; Type: TABLE; Schema: public; Owner: postgres
--

CREATE TABLE public.nc_col_select_options_v2 (
    id character varying(20) NOT NULL,
    fk_column_id character varying(20),
    title character varying(255),
    color character varying(255),
    "order" real,
    created_at timestamp with time zone DEFAULT CURRENT_TIMESTAMP NOT NULL,
    updated_at timestamp with time zone DEFAULT CURRENT_TIMESTAMP NOT NULL
);


ALTER TABLE public.nc_col_select_options_v2 OWNER TO postgres;

--
-- Name: nc_columns_v2; Type: TABLE; Schema: public; Owner: postgres
--

CREATE TABLE public.nc_columns_v2 (
    id character varying(20) NOT NULL,
    source_id character varying(20),
    base_id character varying(128),
    fk_model_id character varying(20),
    title character varying(255),
    column_name character varying(255),
    uidt character varying(255),
    dt character varying(255),
    np character varying(255),
    ns character varying(255),
    clen character varying(255),
    cop character varying(255),
    pk boolean,
    pv boolean,
    rqd boolean,
    un boolean,
    ct text,
    ai boolean,
    "unique" boolean,
    cdf text,
    cc text,
    csn character varying(255),
    dtx character varying(255),
    dtxp text,
    dtxs character varying(255),
    au boolean,
    validate text,
    virtual boolean,
    deleted boolean,
    system boolean DEFAULT false,
    "order" real,
    created_at timestamp with time zone DEFAULT CURRENT_TIMESTAMP NOT NULL,
    updated_at timestamp with time zone DEFAULT CURRENT_TIMESTAMP NOT NULL,
    meta text,
    description character varying(255)
);


ALTER TABLE public.nc_columns_v2 OWNER TO postgres;

--
-- Name: nc_cron; Type: TABLE; Schema: public; Owner: postgres
--

CREATE TABLE public.nc_cron (
    id integer NOT NULL,
    project_id character varying(255),
    db_alias character varying(255) DEFAULT 'db'::character varying,
    title character varying(255),
    description character varying(255),
    env character varying(255),
    pattern character varying(255),
    webhook character varying(255),
    timezone character varying(255) DEFAULT 'America/Los_Angeles'::character varying,
    active boolean DEFAULT true,
    cron_handler text,
    payload text,
    headers text,
    retries integer DEFAULT 0,
    retry_interval integer DEFAULT 60000,
    timeout integer DEFAULT 60000,
    created_at timestamp with time zone,
    updated_at timestamp with time zone
);


ALTER TABLE public.nc_cron OWNER TO postgres;

--
-- Name: nc_cron_id_seq; Type: SEQUENCE; Schema: public; Owner: postgres
--

CREATE SEQUENCE public.nc_cron_id_seq
    AS integer
    START WITH 1
    INCREMENT BY 1
    NO MINVALUE
    NO MAXVALUE
    CACHE 1;


ALTER SEQUENCE public.nc_cron_id_seq OWNER TO postgres;

--
-- Name: nc_cron_id_seq; Type: SEQUENCE OWNED BY; Schema: public; Owner: postgres
--

ALTER SEQUENCE public.nc_cron_id_seq OWNED BY public.nc_cron.id;


--
-- Name: nc_disabled_models_for_role; Type: TABLE; Schema: public; Owner: postgres
--

CREATE TABLE public.nc_disabled_models_for_role (
    id integer NOT NULL,
    project_id character varying(255),
    db_alias character varying(45),
    title character varying(45),
    type character varying(45),
    role character varying(45),
    disabled boolean DEFAULT true,
    tn character varying(255),
    rtn character varying(255),
    cn character varying(255),
    rcn character varying(255),
    relation_type character varying(255),
    created_at timestamp with time zone,
    updated_at timestamp with time zone,
    parent_model_title character varying(255)
);


ALTER TABLE public.nc_disabled_models_for_role OWNER TO postgres;

--
-- Name: nc_disabled_models_for_role_id_seq; Type: SEQUENCE; Schema: public; Owner: postgres
--

CREATE SEQUENCE public.nc_disabled_models_for_role_id_seq
    AS integer
    START WITH 1
    INCREMENT BY 1
    NO MINVALUE
    NO MAXVALUE
    CACHE 1;


ALTER SEQUENCE public.nc_disabled_models_for_role_id_seq OWNER TO postgres;

--
-- Name: nc_disabled_models_for_role_id_seq; Type: SEQUENCE OWNED BY; Schema: public; Owner: postgres
--

ALTER SEQUENCE public.nc_disabled_models_for_role_id_seq OWNED BY public.nc_disabled_models_for_role.id;


--
-- Name: nc_disabled_models_for_role_v2; Type: TABLE; Schema: public; Owner: postgres
--

CREATE TABLE public.nc_disabled_models_for_role_v2 (
    id character varying(20) NOT NULL,
    source_id character varying(20),
    base_id character varying(128),
    fk_view_id character varying(20),
    role character varying(45),
    disabled boolean DEFAULT true,
    created_at timestamp with time zone DEFAULT CURRENT_TIMESTAMP NOT NULL,
    updated_at timestamp with time zone DEFAULT CURRENT_TIMESTAMP NOT NULL
);


ALTER TABLE public.nc_disabled_models_for_role_v2 OWNER TO postgres;

--
-- Name: nc_e7nm__Ground; Type: TABLE; Schema: public; Owner: postgres
--

CREATE TABLE public."nc_e7nm__Ground" (
    id integer NOT NULL,
    "Name" character varying NOT NULL,
    created_at timestamp without time zone,
    updated_at timestamp without time zone,
    created_by character varying,
    updated_by character varying,
    title8 text,
    "Type_de_fondement" text NOT NULL
);


ALTER TABLE public."nc_e7nm__Ground" OWNER TO postgres;

--
-- Name: nc_e7nm__Jurisdiction; Type: TABLE; Schema: public; Owner: postgres
--

CREATE TABLE public."nc_e7nm__Jurisdiction" (
    id integer NOT NULL,
    "Name" character varying NOT NULL,
    created_at timestamp without time zone,
    updated_at timestamp without time zone,
    created_by character varying,
    updated_by character varying,
    "Geolocation" character varying,
    "JurisdictionUrl" character varying,
    "Scope" character varying
);


ALTER TABLE public."nc_e7nm__Jurisdiction" OWNER TO postgres;

--
-- Name: nc_e7nm___Agent; Type: TABLE; Schema: public; Owner: postgres
--

CREATE TABLE public."nc_e7nm___Agent" (
    id integer NOT NULL,
    "Name" character varying NOT NULL,
    created_at timestamp without time zone,
    updated_at timestamp without time zone,
    created_by character varying,
    updated_by character varying,
    "AgentUrl" character varying,
    "Description" text,
    "AgentType" text
);


ALTER TABLE public."nc_e7nm___Agent" OWNER TO postgres;

--
-- Name: nc_e7nm___Agent_id_seq; Type: SEQUENCE; Schema: public; Owner: postgres
--

CREATE SEQUENCE public."nc_e7nm___Agent_id_seq"
    AS integer
    START WITH 1
    INCREMENT BY 1
    NO MINVALUE
    NO MAXVALUE
    CACHE 1;


ALTER SEQUENCE public."nc_e7nm___Agent_id_seq" OWNER TO postgres;

--
-- Name: nc_e7nm___Agent_id_seq; Type: SEQUENCE OWNED BY; Schema: public; Owner: postgres
--

ALTER SEQUENCE public."nc_e7nm___Agent_id_seq" OWNED BY public."nc_e7nm___Agent".id;


--
-- Name: nc_e7nm___Case; Type: TABLE; Schema: public; Owner: postgres
--

CREATE TABLE public."nc_e7nm___Case" (
    id integer NOT NULL,
    title character varying NOT NULL,
    created_at timestamp without time zone,
    updated_at timestamp without time zone,
    created_by character varying,
    updated_by character varying,
    "FactsDigest" text,
    "FactsDate" date,
    "GoogleDriveFolder" character varying,
    "CaseStatus" text,
    "AppealType" text,
    "Avancement" text
);


ALTER TABLE public."nc_e7nm___Case" OWNER TO postgres;

--
-- Name: nc_e7nm___Case_id_seq; Type: SEQUENCE; Schema: public; Owner: postgres
--

CREATE SEQUENCE public."nc_e7nm___Case_id_seq"
    AS integer
    START WITH 1
    INCREMENT BY 1
    NO MINVALUE
    NO MAXVALUE
    CACHE 1;


ALTER SEQUENCE public."nc_e7nm___Case_id_seq" OWNER TO postgres;

--
-- Name: nc_e7nm___Case_id_seq; Type: SEQUENCE OWNED BY; Schema: public; Owner: postgres
--

ALTER SEQUENCE public."nc_e7nm___Case_id_seq" OWNED BY public."nc_e7nm___Case".id;


--
-- Name: nc_e7nm___Decision; Type: TABLE; Schema: public; Owner: postgres
--

CREATE TABLE public."nc_e7nm___Decision" (
    id integer NOT NULL,
    "Abstract" character varying,
    created_at timestamp without time zone,
    updated_at timestamp without time zone,
    created_by character varying,
    updated_by character varying,
    "IntroductionDate" date,
    "DecisionDate" date,
    "Solution" text,
    "Comment" text
);


ALTER TABLE public."nc_e7nm___Decision" OWNER TO postgres;

--
-- Name: nc_e7nm___Decision_id_seq; Type: SEQUENCE; Schema: public; Owner: postgres
--

CREATE SEQUENCE public."nc_e7nm___Decision_id_seq"
    AS integer
    START WITH 1
    INCREMENT BY 1
    NO MINVALUE
    NO MAXVALUE
    CACHE 1;


ALTER SEQUENCE public."nc_e7nm___Decision_id_seq" OWNER TO postgres;

--
-- Name: nc_e7nm___Decision_id_seq; Type: SEQUENCE OWNED BY; Schema: public; Owner: postgres
--

ALTER SEQUENCE public."nc_e7nm___Decision_id_seq" OWNED BY public."nc_e7nm___Decision".id;


--
-- Name: nc_e7nm___Ground_id_seq; Type: SEQUENCE; Schema: public; Owner: postgres
--

CREATE SEQUENCE public."nc_e7nm___Ground_id_seq"
    AS integer
    START WITH 1
    INCREMENT BY 1
    NO MINVALUE
    NO MAXVALUE
    CACHE 1;


ALTER SEQUENCE public."nc_e7nm___Ground_id_seq" OWNER TO postgres;

--
-- Name: nc_e7nm___Ground_id_seq; Type: SEQUENCE OWNED BY; Schema: public; Owner: postgres
--

ALTER SEQUENCE public."nc_e7nm___Ground_id_seq" OWNED BY public."nc_e7nm__Ground".id;


--
-- Name: nc_e7nm___Jurisdiction_id_seq; Type: SEQUENCE; Schema: public; Owner: postgres
--

CREATE SEQUENCE public."nc_e7nm___Jurisdiction_id_seq"
    AS integer
    START WITH 1
    INCREMENT BY 1
    NO MINVALUE
    NO MAXVALUE
    CACHE 1;


ALTER SEQUENCE public."nc_e7nm___Jurisdiction_id_seq" OWNER TO postgres;

--
-- Name: nc_e7nm___Jurisdiction_id_seq; Type: SEQUENCE OWNED BY; Schema: public; Owner: postgres
--

ALTER SEQUENCE public."nc_e7nm___Jurisdiction_id_seq" OWNED BY public."nc_e7nm__Jurisdiction".id;


--
-- Name: nc_e7nm___Resource; Type: TABLE; Schema: public; Owner: postgres
--

CREATE TABLE public."nc_e7nm___Resource" (
    id integer NOT NULL,
    "Name" character varying NOT NULL,
    created_at timestamp without time zone,
    updated_at timestamp without time zone,
    created_by character varying,
    updated_by character varying,
    "Url" character varying,
    "ResourceType" text
);


ALTER TABLE public."nc_e7nm___Resource" OWNER TO postgres;

--
-- Name: nc_e7nm___Resource_id_seq; Type: SEQUENCE; Schema: public; Owner: postgres
--

CREATE SEQUENCE public."nc_e7nm___Resource_id_seq"
    AS integer
    START WITH 1
    INCREMENT BY 1
    NO MINVALUE
    NO MAXVALUE
    CACHE 1;


ALTER SEQUENCE public."nc_e7nm___Resource_id_seq" OWNER TO postgres;

--
-- Name: nc_e7nm___Resource_id_seq; Type: SEQUENCE OWNED BY; Schema: public; Owner: postgres
--

ALTER SEQUENCE public."nc_e7nm___Resource_id_seq" OWNED BY public."nc_e7nm___Resource".id;


--
-- Name: nc_e7nm___nc_m2m_007mhrmiat; Type: TABLE; Schema: public; Owner: postgres
--

CREATE TABLE public.nc_e7nm___nc_m2m_007mhrmiat (
    table2_id integer NOT NULL,
    table1_id integer NOT NULL
);


ALTER TABLE public.nc_e7nm___nc_m2m_007mhrmiat OWNER TO postgres;

--
-- Name: nc_e7nm___nc_m2m_151ol2lo7a; Type: TABLE; Schema: public; Owner: postgres
--

CREATE TABLE public.nc_e7nm___nc_m2m_151ol2lo7a (
    table2_id integer NOT NULL,
    table1_id integer NOT NULL
);


ALTER TABLE public.nc_e7nm___nc_m2m_151ol2lo7a OWNER TO postgres;

--
-- Name: nc_e7nm___nc_m2m_7hb1yhahw5; Type: TABLE; Schema: public; Owner: postgres
--

CREATE TABLE public.nc_e7nm___nc_m2m_7hb1yhahw5 (
    table2_id integer NOT NULL,
    table1_id integer NOT NULL
);


ALTER TABLE public.nc_e7nm___nc_m2m_7hb1yhahw5 OWNER TO postgres;

--
-- Name: nc_e7nm___nc_m2m_q863b2oj_i; Type: TABLE; Schema: public; Owner: postgres
--

CREATE TABLE public.nc_e7nm___nc_m2m_q863b2oj_i (
    table2_id integer NOT NULL,
    table1_id integer NOT NULL
);


ALTER TABLE public.nc_e7nm___nc_m2m_q863b2oj_i OWNER TO postgres;

--
-- Name: nc_filter_exp_v2; Type: TABLE; Schema: public; Owner: postgres
--

CREATE TABLE public.nc_filter_exp_v2 (
    id character varying(20) NOT NULL,
    source_id character varying(20),
    base_id character varying(128),
    fk_view_id character varying(20),
    fk_hook_id character varying(20),
    fk_column_id character varying(20),
    fk_parent_id character varying(20),
    logical_op character varying(255),
    comparison_op character varying(255),
    value text,
    is_group boolean,
    "order" real,
    created_at timestamp with time zone DEFAULT CURRENT_TIMESTAMP NOT NULL,
    updated_at timestamp with time zone DEFAULT CURRENT_TIMESTAMP NOT NULL,
    comparison_sub_op character varying(255)
);


ALTER TABLE public.nc_filter_exp_v2 OWNER TO postgres;

--
-- Name: nc_form_view_columns_v2; Type: TABLE; Schema: public; Owner: postgres
--

CREATE TABLE public.nc_form_view_columns_v2 (
    id character varying(20) NOT NULL,
    source_id character varying(20),
    base_id character varying(128),
    fk_view_id character varying(20),
    fk_column_id character varying(20),
    uuid character varying(255),
    label character varying(255),
    help character varying(255),
    description text,
    required boolean,
    show boolean,
    "order" real,
    created_at timestamp with time zone DEFAULT CURRENT_TIMESTAMP NOT NULL,
    updated_at timestamp with time zone DEFAULT CURRENT_TIMESTAMP NOT NULL,
    meta text,
    enable_scanner boolean
);


ALTER TABLE public.nc_form_view_columns_v2 OWNER TO postgres;

--
-- Name: nc_form_view_v2; Type: TABLE; Schema: public; Owner: postgres
--

CREATE TABLE public.nc_form_view_v2 (
    source_id character varying(20),
    base_id character varying(128),
    fk_view_id character varying(20) NOT NULL,
    heading character varying(255),
    subheading character varying(255),
    success_msg text,
    redirect_url text,
    redirect_after_secs character varying(255),
    email character varying(255),
    submit_another_form boolean,
    show_blank_form boolean,
    uuid character varying(255),
    banner_image_url text,
    logo_url text,
    created_at timestamp with time zone DEFAULT CURRENT_TIMESTAMP NOT NULL,
    updated_at timestamp with time zone DEFAULT CURRENT_TIMESTAMP NOT NULL,
    meta text
);


ALTER TABLE public.nc_form_view_v2 OWNER TO postgres;

--
-- Name: nc_gallery_view_columns_v2; Type: TABLE; Schema: public; Owner: postgres
--

CREATE TABLE public.nc_gallery_view_columns_v2 (
    id character varying(20) NOT NULL,
    source_id character varying(20),
    base_id character varying(128),
    fk_view_id character varying(20),
    fk_column_id character varying(20),
    uuid character varying(255),
    label character varying(255),
    help character varying(255),
    show boolean,
    "order" real,
    created_at timestamp with time zone DEFAULT CURRENT_TIMESTAMP NOT NULL,
    updated_at timestamp with time zone DEFAULT CURRENT_TIMESTAMP NOT NULL
);


ALTER TABLE public.nc_gallery_view_columns_v2 OWNER TO postgres;

--
-- Name: nc_gallery_view_v2; Type: TABLE; Schema: public; Owner: postgres
--

CREATE TABLE public.nc_gallery_view_v2 (
    source_id character varying(20),
    base_id character varying(128),
    fk_view_id character varying(20) NOT NULL,
    next_enabled boolean,
    prev_enabled boolean,
    cover_image_idx integer,
    fk_cover_image_col_id character varying(20),
    cover_image character varying(255),
    restrict_types character varying(255),
    restrict_size character varying(255),
    restrict_number character varying(255),
    public boolean,
    dimensions character varying(255),
    responsive_columns character varying(255),
    created_at timestamp with time zone DEFAULT CURRENT_TIMESTAMP NOT NULL,
    updated_at timestamp with time zone DEFAULT CURRENT_TIMESTAMP NOT NULL,
    meta text
);


ALTER TABLE public.nc_gallery_view_v2 OWNER TO postgres;

--
-- Name: nc_grid_view_columns_v2; Type: TABLE; Schema: public; Owner: postgres
--

CREATE TABLE public.nc_grid_view_columns_v2 (
    id character varying(20) NOT NULL,
    fk_view_id character varying(20),
    fk_column_id character varying(20),
    source_id character varying(20),
    base_id character varying(128),
    uuid character varying(255),
    label character varying(255),
    help character varying(255),
    width character varying(255) DEFAULT '200px'::character varying,
    show boolean,
    "order" real,
    created_at timestamp with time zone DEFAULT CURRENT_TIMESTAMP NOT NULL,
    updated_at timestamp with time zone DEFAULT CURRENT_TIMESTAMP NOT NULL,
    group_by boolean,
    group_by_order real,
    group_by_sort character varying(255)
);


ALTER TABLE public.nc_grid_view_columns_v2 OWNER TO postgres;

--
-- Name: nc_grid_view_v2; Type: TABLE; Schema: public; Owner: postgres
--

CREATE TABLE public.nc_grid_view_v2 (
    fk_view_id character varying(20) NOT NULL,
    source_id character varying(20),
    base_id character varying(128),
    uuid character varying(255),
    created_at timestamp with time zone DEFAULT CURRENT_TIMESTAMP NOT NULL,
    updated_at timestamp with time zone DEFAULT CURRENT_TIMESTAMP NOT NULL,
    meta text,
    row_height integer
);


ALTER TABLE public.nc_grid_view_v2 OWNER TO postgres;

--
-- Name: nc_hook_logs_v2; Type: TABLE; Schema: public; Owner: postgres
--

CREATE TABLE public.nc_hook_logs_v2 (
    id character varying(20) NOT NULL,
    source_id character varying(20),
    base_id character varying(128),
    fk_hook_id character varying(20),
    type character varying(255),
    event character varying(255),
    operation character varying(255),
    test_call boolean DEFAULT true,
    payload text,
    conditions text,
    notification text,
    error_code character varying(255),
    error_message character varying(255),
    error text,
    execution_time integer,
    response text,
    triggered_by character varying(255),
    created_at timestamp with time zone DEFAULT CURRENT_TIMESTAMP NOT NULL,
    updated_at timestamp with time zone DEFAULT CURRENT_TIMESTAMP NOT NULL
);


ALTER TABLE public.nc_hook_logs_v2 OWNER TO postgres;

--
-- Name: nc_hooks; Type: TABLE; Schema: public; Owner: postgres
--

CREATE TABLE public.nc_hooks (
    id integer NOT NULL,
    project_id character varying(255),
    db_alias character varying(255) DEFAULT 'db'::character varying,
    title character varying(255),
    description character varying(255),
    env character varying(255) DEFAULT 'all'::character varying,
    tn character varying(255),
    type character varying(255),
    event character varying(255),
    operation character varying(255),
    async boolean DEFAULT false,
    payload boolean DEFAULT true,
    url text,
    headers text,
    condition text,
    notification text,
    retries integer DEFAULT 0,
    retry_interval integer DEFAULT 60000,
    timeout integer DEFAULT 60000,
    active boolean DEFAULT true,
    created_at timestamp with time zone,
    updated_at timestamp with time zone
);


ALTER TABLE public.nc_hooks OWNER TO postgres;

--
-- Name: nc_hooks_id_seq; Type: SEQUENCE; Schema: public; Owner: postgres
--

CREATE SEQUENCE public.nc_hooks_id_seq
    AS integer
    START WITH 1
    INCREMENT BY 1
    NO MINVALUE
    NO MAXVALUE
    CACHE 1;


ALTER SEQUENCE public.nc_hooks_id_seq OWNER TO postgres;

--
-- Name: nc_hooks_id_seq; Type: SEQUENCE OWNED BY; Schema: public; Owner: postgres
--

ALTER SEQUENCE public.nc_hooks_id_seq OWNED BY public.nc_hooks.id;


--
-- Name: nc_hooks_v2; Type: TABLE; Schema: public; Owner: postgres
--

CREATE TABLE public.nc_hooks_v2 (
    id character varying(20) NOT NULL,
    source_id character varying(20),
    base_id character varying(128),
    fk_model_id character varying(20),
    title character varying(255),
    description character varying(255),
    env character varying(255) DEFAULT 'all'::character varying,
    type character varying(255),
    event character varying(255),
    operation character varying(255),
    async boolean DEFAULT false,
    payload boolean DEFAULT true,
    url text,
    headers text,
    condition boolean DEFAULT false,
    notification text,
    retries integer DEFAULT 0,
    retry_interval integer DEFAULT 60000,
    timeout integer DEFAULT 60000,
    active boolean DEFAULT true,
    created_at timestamp with time zone DEFAULT CURRENT_TIMESTAMP NOT NULL,
    updated_at timestamp with time zone DEFAULT CURRENT_TIMESTAMP NOT NULL,
    version character varying(255)
);


ALTER TABLE public.nc_hooks_v2 OWNER TO postgres;

--
-- Name: nc_kanban_view_columns_v2; Type: TABLE; Schema: public; Owner: postgres
--

CREATE TABLE public.nc_kanban_view_columns_v2 (
    id character varying(20) NOT NULL,
    source_id character varying(20),
    base_id character varying(128),
    fk_view_id character varying(20),
    fk_column_id character varying(20),
    uuid character varying(255),
    label character varying(255),
    help character varying(255),
    show boolean,
    "order" real,
    created_at timestamp with time zone DEFAULT CURRENT_TIMESTAMP NOT NULL,
    updated_at timestamp with time zone DEFAULT CURRENT_TIMESTAMP NOT NULL
);


ALTER TABLE public.nc_kanban_view_columns_v2 OWNER TO postgres;

--
-- Name: nc_kanban_view_v2; Type: TABLE; Schema: public; Owner: postgres
--

CREATE TABLE public.nc_kanban_view_v2 (
    fk_view_id character varying(20) NOT NULL,
    source_id character varying(20),
    base_id character varying(128),
    show boolean,
    "order" real,
    uuid character varying(255),
    title character varying(255),
    public boolean,
    password character varying(255),
    show_all_fields boolean,
    created_at timestamp with time zone DEFAULT CURRENT_TIMESTAMP NOT NULL,
    updated_at timestamp with time zone DEFAULT CURRENT_TIMESTAMP NOT NULL,
    fk_grp_col_id character varying(20),
    fk_cover_image_col_id character varying(20),
    meta text
);


ALTER TABLE public.nc_kanban_view_v2 OWNER TO postgres;

--
-- Name: nc_loaders; Type: TABLE; Schema: public; Owner: postgres
--

CREATE TABLE public.nc_loaders (
    id integer NOT NULL,
    project_id character varying(255),
    db_alias character varying(255) DEFAULT 'db'::character varying,
    title character varying(255),
    parent character varying(255),
    child character varying(255),
    relation character varying(255),
    resolver character varying(255),
    functions text,
    created_at timestamp with time zone,
    updated_at timestamp with time zone
);


ALTER TABLE public.nc_loaders OWNER TO postgres;

--
-- Name: nc_loaders_id_seq; Type: SEQUENCE; Schema: public; Owner: postgres
--

CREATE SEQUENCE public.nc_loaders_id_seq
    AS integer
    START WITH 1
    INCREMENT BY 1
    NO MINVALUE
    NO MAXVALUE
    CACHE 1;


ALTER SEQUENCE public.nc_loaders_id_seq OWNER TO postgres;

--
-- Name: nc_loaders_id_seq; Type: SEQUENCE OWNED BY; Schema: public; Owner: postgres
--

ALTER SEQUENCE public.nc_loaders_id_seq OWNED BY public.nc_loaders.id;


--
-- Name: nc_map_view_columns_v2; Type: TABLE; Schema: public; Owner: postgres
--

CREATE TABLE public.nc_map_view_columns_v2 (
    id character varying(20) NOT NULL,
    base_id character varying(20),
    project_id character varying(128),
    fk_view_id character varying(20),
    fk_column_id character varying(20),
    uuid character varying(255),
    label character varying(255),
    help character varying(255),
    show boolean,
    "order" real,
    created_at timestamp with time zone DEFAULT CURRENT_TIMESTAMP NOT NULL,
    updated_at timestamp with time zone DEFAULT CURRENT_TIMESTAMP NOT NULL
);


ALTER TABLE public.nc_map_view_columns_v2 OWNER TO postgres;

--
-- Name: nc_map_view_v2; Type: TABLE; Schema: public; Owner: postgres
--

CREATE TABLE public.nc_map_view_v2 (
    fk_view_id character varying(20) NOT NULL,
    source_id character varying(20),
    base_id character varying(128),
    uuid character varying(255),
    title character varying(255),
    fk_geo_data_col_id character varying(20),
    meta text,
    created_at timestamp with time zone,
    updated_at timestamp with time zone
);


ALTER TABLE public.nc_map_view_v2 OWNER TO postgres;

--
-- Name: nc_migrations; Type: TABLE; Schema: public; Owner: postgres
--

CREATE TABLE public.nc_migrations (
    id integer NOT NULL,
    project_id character varying(255),
    db_alias character varying(255),
    up text,
    down text,
    title character varying(255) NOT NULL,
    title_down character varying(255),
    description character varying(255),
    batch integer,
    checksum character varying(255),
    status integer,
    created_at timestamp with time zone,
    updated_at timestamp with time zone
);


ALTER TABLE public.nc_migrations OWNER TO postgres;

--
-- Name: nc_migrations_id_seq; Type: SEQUENCE; Schema: public; Owner: postgres
--

CREATE SEQUENCE public.nc_migrations_id_seq
    AS integer
    START WITH 1
    INCREMENT BY 1
    NO MINVALUE
    NO MAXVALUE
    CACHE 1;


ALTER SEQUENCE public.nc_migrations_id_seq OWNER TO postgres;

--
-- Name: nc_migrations_id_seq; Type: SEQUENCE OWNED BY; Schema: public; Owner: postgres
--

ALTER SEQUENCE public.nc_migrations_id_seq OWNED BY public.nc_migrations.id;


--
-- Name: nc_models; Type: TABLE; Schema: public; Owner: postgres
--

CREATE TABLE public.nc_models (
    id integer NOT NULL,
    project_id character varying(255),
    db_alias character varying(255) DEFAULT 'db'::character varying,
    title character varying(255),
    alias character varying(255),
    type character varying(255) DEFAULT 'table'::character varying,
    meta text,
    schema text,
    schema_previous text,
    services text,
    messages text,
    enabled boolean DEFAULT true,
    parent_model_title character varying(255),
    show_as character varying(255) DEFAULT 'table'::character varying,
    query_params text,
    list_idx integer,
    tags character varying(255),
    pinned boolean,
    created_at timestamp with time zone,
    updated_at timestamp with time zone,
    mm integer,
    m_to_m_meta text,
    "order" real,
    view_order real
);


ALTER TABLE public.nc_models OWNER TO postgres;

--
-- Name: nc_models_id_seq; Type: SEQUENCE; Schema: public; Owner: postgres
--

CREATE SEQUENCE public.nc_models_id_seq
    AS integer
    START WITH 1
    INCREMENT BY 1
    NO MINVALUE
    NO MAXVALUE
    CACHE 1;


ALTER SEQUENCE public.nc_models_id_seq OWNER TO postgres;

--
-- Name: nc_models_id_seq; Type: SEQUENCE OWNED BY; Schema: public; Owner: postgres
--

ALTER SEQUENCE public.nc_models_id_seq OWNED BY public.nc_models.id;


--
-- Name: nc_models_v2; Type: TABLE; Schema: public; Owner: postgres
--

CREATE TABLE public.nc_models_v2 (
    id character varying(20) NOT NULL,
    source_id character varying(20),
    base_id character varying(128),
    table_name character varying(255),
    title character varying(255),
    type character varying(255) DEFAULT 'table'::character varying,
    meta text,
    schema text,
    enabled boolean DEFAULT true,
    mm boolean DEFAULT false,
    tags character varying(255),
    pinned boolean,
    deleted boolean,
    "order" real,
    created_at timestamp with time zone DEFAULT CURRENT_TIMESTAMP NOT NULL,
    updated_at timestamp with time zone DEFAULT CURRENT_TIMESTAMP NOT NULL,
    description character varying(255)
);


ALTER TABLE public.nc_models_v2 OWNER TO postgres;

--
-- Name: nc_orgs_v2; Type: TABLE; Schema: public; Owner: postgres
--

CREATE TABLE public.nc_orgs_v2 (
    id character varying(20) NOT NULL,
    title character varying(255),
    created_at timestamp with time zone DEFAULT CURRENT_TIMESTAMP NOT NULL,
    updated_at timestamp with time zone DEFAULT CURRENT_TIMESTAMP NOT NULL
);


ALTER TABLE public.nc_orgs_v2 OWNER TO postgres;

--
-- Name: nc_plugins; Type: TABLE; Schema: public; Owner: postgres
--

CREATE TABLE public.nc_plugins (
    id integer NOT NULL,
    project_id character varying(255),
    db_alias character varying(255),
    title character varying(45),
    description text,
    active boolean DEFAULT false,
    rating real,
    version character varying(255),
    docs character varying(255),
    status character varying(255) DEFAULT 'install'::character varying,
    status_details character varying(255),
    logo character varying(255),
    icon character varying(255),
    tags character varying(255),
    category character varying(255),
    input_schema text,
    input text,
    creator character varying(255),
    creator_website character varying(255),
    price character varying(255),
    created_at timestamp with time zone,
    updated_at timestamp with time zone
);


ALTER TABLE public.nc_plugins OWNER TO postgres;

--
-- Name: nc_plugins_id_seq; Type: SEQUENCE; Schema: public; Owner: postgres
--

CREATE SEQUENCE public.nc_plugins_id_seq
    AS integer
    START WITH 1
    INCREMENT BY 1
    NO MINVALUE
    NO MAXVALUE
    CACHE 1;


ALTER SEQUENCE public.nc_plugins_id_seq OWNER TO postgres;

--
-- Name: nc_plugins_id_seq; Type: SEQUENCE OWNED BY; Schema: public; Owner: postgres
--

ALTER SEQUENCE public.nc_plugins_id_seq OWNED BY public.nc_plugins.id;


--
-- Name: nc_plugins_v2; Type: TABLE; Schema: public; Owner: postgres
--

CREATE TABLE public.nc_plugins_v2 (
    id character varying(20) NOT NULL,
    title character varying(45),
    description text,
    active boolean DEFAULT false,
    rating real,
    version character varying(255),
    docs character varying(255),
    status character varying(255) DEFAULT 'install'::character varying,
    status_details character varying(255),
    logo character varying(255),
    icon character varying(255),
    tags character varying(255),
    category character varying(255),
    input_schema text,
    input text,
    creator character varying(255),
    creator_website character varying(255),
    price character varying(255),
    created_at timestamp with time zone DEFAULT CURRENT_TIMESTAMP NOT NULL,
    updated_at timestamp with time zone DEFAULT CURRENT_TIMESTAMP NOT NULL
);


ALTER TABLE public.nc_plugins_v2 OWNER TO postgres;

--
-- Name: nc_projects; Type: TABLE; Schema: public; Owner: postgres
--

CREATE TABLE public.nc_projects (
    id character varying(128) NOT NULL,
    title character varying(255),
    status character varying(255),
    description text,
    config text,
    meta text,
    created_at timestamp with time zone,
    updated_at timestamp with time zone
);


ALTER TABLE public.nc_projects OWNER TO postgres;

--
-- Name: nc_projects_users; Type: TABLE; Schema: public; Owner: postgres
--

CREATE TABLE public.nc_projects_users (
    project_id character varying(255),
    user_id integer,
    roles text,
    created_at timestamp with time zone,
    updated_at timestamp with time zone
);


ALTER TABLE public.nc_projects_users OWNER TO postgres;

--
-- Name: nc_relations; Type: TABLE; Schema: public; Owner: postgres
--

CREATE TABLE public.nc_relations (
    id integer NOT NULL,
    project_id character varying(255),
    db_alias character varying(255),
    tn character varying(255),
    rtn character varying(255),
    _tn character varying(255),
    _rtn character varying(255),
    cn character varying(255),
    rcn character varying(255),
    _cn character varying(255),
    _rcn character varying(255),
    referenced_db_alias character varying(255),
    type character varying(255),
    db_type character varying(255),
    ur character varying(255),
    dr character varying(255),
    created_at timestamp with time zone,
    updated_at timestamp with time zone,
    fkn character varying(255)
);


ALTER TABLE public.nc_relations OWNER TO postgres;

--
-- Name: nc_relations_id_seq; Type: SEQUENCE; Schema: public; Owner: postgres
--

CREATE SEQUENCE public.nc_relations_id_seq
    AS integer
    START WITH 1
    INCREMENT BY 1
    NO MINVALUE
    NO MAXVALUE
    CACHE 1;


ALTER SEQUENCE public.nc_relations_id_seq OWNER TO postgres;

--
-- Name: nc_relations_id_seq; Type: SEQUENCE OWNED BY; Schema: public; Owner: postgres
--

ALTER SEQUENCE public.nc_relations_id_seq OWNED BY public.nc_relations.id;


--
-- Name: nc_resolvers; Type: TABLE; Schema: public; Owner: postgres
--

CREATE TABLE public.nc_resolvers (
    id integer NOT NULL,
    project_id character varying(255),
    db_alias character varying(255) DEFAULT 'db'::character varying,
    title character varying(255),
    resolver text,
    type character varying(255),
    acl text,
    functions text,
    handler_type integer DEFAULT 1,
    created_at timestamp with time zone,
    updated_at timestamp with time zone
);


ALTER TABLE public.nc_resolvers OWNER TO postgres;

--
-- Name: nc_resolvers_id_seq; Type: SEQUENCE; Schema: public; Owner: postgres
--

CREATE SEQUENCE public.nc_resolvers_id_seq
    AS integer
    START WITH 1
    INCREMENT BY 1
    NO MINVALUE
    NO MAXVALUE
    CACHE 1;


ALTER SEQUENCE public.nc_resolvers_id_seq OWNER TO postgres;

--
-- Name: nc_resolvers_id_seq; Type: SEQUENCE OWNED BY; Schema: public; Owner: postgres
--

ALTER SEQUENCE public.nc_resolvers_id_seq OWNED BY public.nc_resolvers.id;


--
-- Name: nc_roles; Type: TABLE; Schema: public; Owner: postgres
--

CREATE TABLE public.nc_roles (
    id integer NOT NULL,
    project_id character varying(255),
    db_alias character varying(255) DEFAULT 'db'::character varying,
    title character varying(255),
    type character varying(255) DEFAULT 'CUSTOM'::character varying,
    description character varying(255),
    created_at timestamp with time zone,
    updated_at timestamp with time zone
);


ALTER TABLE public.nc_roles OWNER TO postgres;

--
-- Name: nc_roles_id_seq; Type: SEQUENCE; Schema: public; Owner: postgres
--

CREATE SEQUENCE public.nc_roles_id_seq
    AS integer
    START WITH 1
    INCREMENT BY 1
    NO MINVALUE
    NO MAXVALUE
    CACHE 1;


ALTER SEQUENCE public.nc_roles_id_seq OWNER TO postgres;

--
-- Name: nc_roles_id_seq; Type: SEQUENCE OWNED BY; Schema: public; Owner: postgres
--

ALTER SEQUENCE public.nc_roles_id_seq OWNED BY public.nc_roles.id;


--
-- Name: nc_routes; Type: TABLE; Schema: public; Owner: postgres
--

CREATE TABLE public.nc_routes (
    id integer NOT NULL,
    project_id character varying(255),
    db_alias character varying(255) DEFAULT 'db'::character varying,
    title character varying(255),
    tn character varying(255),
    tnp character varying(255),
    tnc character varying(255),
    relation_type character varying(255),
    path text,
    type character varying(255),
    handler text,
    acl text,
    "order" integer,
    functions text,
    handler_type integer DEFAULT 1,
    is_custom boolean,
    created_at timestamp with time zone,
    updated_at timestamp with time zone
);


ALTER TABLE public.nc_routes OWNER TO postgres;

--
-- Name: nc_routes_id_seq; Type: SEQUENCE; Schema: public; Owner: postgres
--

CREATE SEQUENCE public.nc_routes_id_seq
    AS integer
    START WITH 1
    INCREMENT BY 1
    NO MINVALUE
    NO MAXVALUE
    CACHE 1;


ALTER SEQUENCE public.nc_routes_id_seq OWNER TO postgres;

--
-- Name: nc_routes_id_seq; Type: SEQUENCE OWNED BY; Schema: public; Owner: postgres
--

ALTER SEQUENCE public.nc_routes_id_seq OWNED BY public.nc_routes.id;


--
-- Name: nc_rpc; Type: TABLE; Schema: public; Owner: postgres
--

CREATE TABLE public.nc_rpc (
    id integer NOT NULL,
    project_id character varying(255),
    db_alias character varying(255) DEFAULT 'db'::character varying,
    title character varying(255),
    tn character varying(255),
    service text,
    tnp character varying(255),
    tnc character varying(255),
    relation_type character varying(255),
    "order" integer,
    type character varying(255),
    acl text,
    functions text,
    handler_type integer DEFAULT 1,
    created_at timestamp with time zone,
    updated_at timestamp with time zone
);


ALTER TABLE public.nc_rpc OWNER TO postgres;

--
-- Name: nc_rpc_id_seq; Type: SEQUENCE; Schema: public; Owner: postgres
--

CREATE SEQUENCE public.nc_rpc_id_seq
    AS integer
    START WITH 1
    INCREMENT BY 1
    NO MINVALUE
    NO MAXVALUE
    CACHE 1;


ALTER SEQUENCE public.nc_rpc_id_seq OWNER TO postgres;

--
-- Name: nc_rpc_id_seq; Type: SEQUENCE OWNED BY; Schema: public; Owner: postgres
--

ALTER SEQUENCE public.nc_rpc_id_seq OWNED BY public.nc_rpc.id;


--
-- Name: nc_shared_bases; Type: TABLE; Schema: public; Owner: postgres
--

CREATE TABLE public.nc_shared_bases (
    id integer NOT NULL,
    project_id character varying(255),
    db_alias character varying(255),
    roles character varying(255) DEFAULT 'viewer'::character varying,
    shared_base_id character varying(255),
    enabled boolean DEFAULT true,
    password character varying(255),
    created_at timestamp with time zone DEFAULT CURRENT_TIMESTAMP NOT NULL,
    updated_at timestamp with time zone DEFAULT CURRENT_TIMESTAMP NOT NULL
);


ALTER TABLE public.nc_shared_bases OWNER TO postgres;

--
-- Name: nc_shared_bases_id_seq; Type: SEQUENCE; Schema: public; Owner: postgres
--

CREATE SEQUENCE public.nc_shared_bases_id_seq
    AS integer
    START WITH 1
    INCREMENT BY 1
    NO MINVALUE
    NO MAXVALUE
    CACHE 1;


ALTER SEQUENCE public.nc_shared_bases_id_seq OWNER TO postgres;

--
-- Name: nc_shared_bases_id_seq; Type: SEQUENCE OWNED BY; Schema: public; Owner: postgres
--

ALTER SEQUENCE public.nc_shared_bases_id_seq OWNED BY public.nc_shared_bases.id;


--
-- Name: nc_shared_views; Type: TABLE; Schema: public; Owner: postgres
--

CREATE TABLE public.nc_shared_views (
    id integer NOT NULL,
    project_id character varying(255),
    db_alias character varying(255),
    model_name character varying(255),
    meta text,
    query_params text,
    view_id character varying(255),
    show_all_fields boolean,
    allow_copy boolean,
    password character varying(255),
    created_at timestamp with time zone,
    updated_at timestamp with time zone,
    view_type character varying(255),
    view_name character varying(255)
);


ALTER TABLE public.nc_shared_views OWNER TO postgres;

--
-- Name: nc_shared_views_id_seq; Type: SEQUENCE; Schema: public; Owner: postgres
--

CREATE SEQUENCE public.nc_shared_views_id_seq
    AS integer
    START WITH 1
    INCREMENT BY 1
    NO MINVALUE
    NO MAXVALUE
    CACHE 1;


ALTER SEQUENCE public.nc_shared_views_id_seq OWNER TO postgres;

--
-- Name: nc_shared_views_id_seq; Type: SEQUENCE OWNED BY; Schema: public; Owner: postgres
--

ALTER SEQUENCE public.nc_shared_views_id_seq OWNED BY public.nc_shared_views.id;


--
-- Name: nc_shared_views_v2; Type: TABLE; Schema: public; Owner: postgres
--

CREATE TABLE public.nc_shared_views_v2 (
    id character varying(20) NOT NULL,
    fk_view_id character varying(20),
    meta text,
    query_params text,
    view_id character varying(255),
    show_all_fields boolean,
    allow_copy boolean,
    password character varying(255),
    deleted boolean,
    "order" real,
    created_at timestamp with time zone DEFAULT CURRENT_TIMESTAMP NOT NULL,
    updated_at timestamp with time zone DEFAULT CURRENT_TIMESTAMP NOT NULL
);


ALTER TABLE public.nc_shared_views_v2 OWNER TO postgres;

--
-- Name: nc_sort_v2; Type: TABLE; Schema: public; Owner: postgres
--

CREATE TABLE public.nc_sort_v2 (
    id character varying(20) NOT NULL,
    source_id character varying(20),
    base_id character varying(128),
    fk_view_id character varying(20),
    fk_column_id character varying(20),
    direction character varying(255) DEFAULT 'false'::character varying,
    "order" real,
    created_at timestamp with time zone DEFAULT CURRENT_TIMESTAMP NOT NULL,
    updated_at timestamp with time zone DEFAULT CURRENT_TIMESTAMP NOT NULL
);


ALTER TABLE public.nc_sort_v2 OWNER TO postgres;

--
-- Name: nc_sources_v2; Type: TABLE; Schema: public; Owner: postgres
--

CREATE TABLE public.nc_sources_v2 (
    id character varying(20) NOT NULL,
    base_id character varying(128),
    alias character varying(255),
    config text,
    meta text,
    is_meta boolean,
    type character varying(255),
    inflection_column character varying(255),
    inflection_table character varying(255),
    created_at timestamp with time zone DEFAULT CURRENT_TIMESTAMP NOT NULL,
    updated_at timestamp with time zone DEFAULT CURRENT_TIMESTAMP NOT NULL,
    enabled boolean DEFAULT true,
    "order" real,
    description character varying(255),
    erd_uuid character varying(255),
    deleted boolean DEFAULT false
);


ALTER TABLE public.nc_sources_v2 OWNER TO postgres;

--
-- Name: nc_store; Type: TABLE; Schema: public; Owner: postgres
--

CREATE TABLE public.nc_store (
    id integer NOT NULL,
    base_id character varying(255),
    db_alias character varying(255) DEFAULT 'db'::character varying,
    key character varying(255),
    value text,
    type character varying(255),
    env character varying(255),
    tag character varying(255),
    created_at timestamp with time zone,
    updated_at timestamp with time zone
);


ALTER TABLE public.nc_store OWNER TO postgres;

--
-- Name: nc_store_id_seq; Type: SEQUENCE; Schema: public; Owner: postgres
--

CREATE SEQUENCE public.nc_store_id_seq
    AS integer
    START WITH 1
    INCREMENT BY 1
    NO MINVALUE
    NO MAXVALUE
    CACHE 1;


ALTER SEQUENCE public.nc_store_id_seq OWNER TO postgres;

--
-- Name: nc_store_id_seq; Type: SEQUENCE OWNED BY; Schema: public; Owner: postgres
--

ALTER SEQUENCE public.nc_store_id_seq OWNED BY public.nc_store.id;


--
-- Name: nc_sync_logs_v2; Type: TABLE; Schema: public; Owner: postgres
--

CREATE TABLE public.nc_sync_logs_v2 (
    id character varying(20) NOT NULL,
    base_id character varying(128),
    fk_sync_source_id character varying(20),
    time_taken integer,
    status character varying(255),
    status_details text,
    created_at timestamp with time zone DEFAULT CURRENT_TIMESTAMP NOT NULL,
    updated_at timestamp with time zone DEFAULT CURRENT_TIMESTAMP NOT NULL
);


ALTER TABLE public.nc_sync_logs_v2 OWNER TO postgres;

--
-- Name: nc_sync_source_v2; Type: TABLE; Schema: public; Owner: postgres
--

CREATE TABLE public.nc_sync_source_v2 (
    id character varying(20) NOT NULL,
    title character varying(255),
    type character varying(255),
    details text,
    deleted boolean,
    enabled boolean DEFAULT true,
    "order" real,
    base_id character varying(128),
    fk_user_id character varying(20),
    created_at timestamp with time zone DEFAULT CURRENT_TIMESTAMP NOT NULL,
    updated_at timestamp with time zone DEFAULT CURRENT_TIMESTAMP NOT NULL,
    source_id character varying(20)
);


ALTER TABLE public.nc_sync_source_v2 OWNER TO postgres;

--
-- Name: nc_team_users_v2; Type: TABLE; Schema: public; Owner: postgres
--

CREATE TABLE public.nc_team_users_v2 (
    org_id character varying(20),
    user_id character varying(20),
    created_at timestamp with time zone DEFAULT CURRENT_TIMESTAMP NOT NULL,
    updated_at timestamp with time zone DEFAULT CURRENT_TIMESTAMP NOT NULL
);


ALTER TABLE public.nc_team_users_v2 OWNER TO postgres;

--
-- Name: nc_teams_v2; Type: TABLE; Schema: public; Owner: postgres
--

CREATE TABLE public.nc_teams_v2 (
    id character varying(20) NOT NULL,
    title character varying(255),
    org_id character varying(20),
    created_at timestamp with time zone DEFAULT CURRENT_TIMESTAMP NOT NULL,
    updated_at timestamp with time zone DEFAULT CURRENT_TIMESTAMP NOT NULL
);


ALTER TABLE public.nc_teams_v2 OWNER TO postgres;

--
-- Name: nc_users_v2; Type: TABLE; Schema: public; Owner: postgres
--

CREATE TABLE public.nc_users_v2 (
    id character varying(20) NOT NULL,
    email character varying(255),
    password character varying(255),
    salt character varying(255),
    refresh_token character varying(255),
    invite_token character varying(255),
    invite_token_expires character varying(255),
    reset_password_expires timestamp with time zone,
    reset_password_token character varying(255),
    email_verification_token character varying(255),
    email_verified boolean,
    roles character varying(255) DEFAULT 'editor'::character varying,
    created_at timestamp with time zone DEFAULT CURRENT_TIMESTAMP NOT NULL,
    updated_at timestamp with time zone DEFAULT CURRENT_TIMESTAMP NOT NULL,
    token_version character varying(255),
    display_name character varying(255),
    user_name character varying(255)
);


ALTER TABLE public.nc_users_v2 OWNER TO postgres;

--
-- Name: nc_views_v2; Type: TABLE; Schema: public; Owner: postgres
--

CREATE TABLE public.nc_views_v2 (
    id character varying(20) NOT NULL,
    source_id character varying(20),
    base_id character varying(128),
    fk_model_id character varying(20),
    title character varying(255),
    type integer,
    is_default boolean,
    show_system_fields boolean,
    lock_type character varying(255) DEFAULT 'collaborative'::character varying,
    uuid character varying(255),
    password character varying(255),
    show boolean,
    "order" real,
    created_at timestamp with time zone DEFAULT CURRENT_TIMESTAMP NOT NULL,
    updated_at timestamp with time zone DEFAULT CURRENT_TIMESTAMP NOT NULL,
    meta text,
    description character varying(255)
);


ALTER TABLE public.nc_views_v2 OWNER TO postgres;

--
-- Name: notification; Type: TABLE; Schema: public; Owner: postgres
--

CREATE TABLE public.notification (
    id character varying(20) NOT NULL,
    type character varying(40),
    body text,
    is_read boolean DEFAULT false,
    is_deleted boolean DEFAULT false,
    fk_user_id character varying(20),
    created_at timestamp with time zone DEFAULT CURRENT_TIMESTAMP NOT NULL,
    updated_at timestamp with time zone DEFAULT CURRENT_TIMESTAMP NOT NULL
);


ALTER TABLE public.notification OWNER TO postgres;

--
-- Name: xc_knex_migrations; Type: TABLE; Schema: public; Owner: postgres
--

CREATE TABLE public.xc_knex_migrations (
    id integer NOT NULL,
    name character varying(255),
    batch integer,
    migration_time timestamp with time zone
);


ALTER TABLE public.xc_knex_migrations OWNER TO postgres;

--
-- Name: xc_knex_migrations_id_seq; Type: SEQUENCE; Schema: public; Owner: postgres
--

CREATE SEQUENCE public.xc_knex_migrations_id_seq
    AS integer
    START WITH 1
    INCREMENT BY 1
    NO MINVALUE
    NO MAXVALUE
    CACHE 1;


ALTER SEQUENCE public.xc_knex_migrations_id_seq OWNER TO postgres;

--
-- Name: xc_knex_migrations_id_seq; Type: SEQUENCE OWNED BY; Schema: public; Owner: postgres
--

ALTER SEQUENCE public.xc_knex_migrations_id_seq OWNED BY public.xc_knex_migrations.id;


--
-- Name: xc_knex_migrations_lock; Type: TABLE; Schema: public; Owner: postgres
--

CREATE TABLE public.xc_knex_migrations_lock (
    index integer NOT NULL,
    is_locked integer
);


ALTER TABLE public.xc_knex_migrations_lock OWNER TO postgres;

--
-- Name: xc_knex_migrations_lock_index_seq; Type: SEQUENCE; Schema: public; Owner: postgres
--

CREATE SEQUENCE public.xc_knex_migrations_lock_index_seq
    AS integer
    START WITH 1
    INCREMENT BY 1
    NO MINVALUE
    NO MAXVALUE
    CACHE 1;


ALTER SEQUENCE public.xc_knex_migrations_lock_index_seq OWNER TO postgres;

--
-- Name: xc_knex_migrations_lock_index_seq; Type: SEQUENCE OWNED BY; Schema: public; Owner: postgres
--

ALTER SEQUENCE public.xc_knex_migrations_lock_index_seq OWNED BY public.xc_knex_migrations_lock.index;


--
-- Name: xc_knex_migrationsv2; Type: TABLE; Schema: public; Owner: postgres
--

CREATE TABLE public.xc_knex_migrationsv2 (
    id integer NOT NULL,
    name character varying(255),
    batch integer,
    migration_time timestamp with time zone
);


ALTER TABLE public.xc_knex_migrationsv2 OWNER TO postgres;

--
-- Name: xc_knex_migrationsv2_id_seq; Type: SEQUENCE; Schema: public; Owner: postgres
--

CREATE SEQUENCE public.xc_knex_migrationsv2_id_seq
    AS integer
    START WITH 1
    INCREMENT BY 1
    NO MINVALUE
    NO MAXVALUE
    CACHE 1;


ALTER SEQUENCE public.xc_knex_migrationsv2_id_seq OWNER TO postgres;

--
-- Name: xc_knex_migrationsv2_id_seq; Type: SEQUENCE OWNED BY; Schema: public; Owner: postgres
--

ALTER SEQUENCE public.xc_knex_migrationsv2_id_seq OWNED BY public.xc_knex_migrationsv2.id;


--
-- Name: xc_knex_migrationsv2_lock; Type: TABLE; Schema: public; Owner: postgres
--

CREATE TABLE public.xc_knex_migrationsv2_lock (
    index integer NOT NULL,
    is_locked integer
);


ALTER TABLE public.xc_knex_migrationsv2_lock OWNER TO postgres;

--
-- Name: xc_knex_migrationsv2_lock_index_seq; Type: SEQUENCE; Schema: public; Owner: postgres
--

CREATE SEQUENCE public.xc_knex_migrationsv2_lock_index_seq
    AS integer
    START WITH 1
    INCREMENT BY 1
    NO MINVALUE
    NO MAXVALUE
    CACHE 1;


ALTER SEQUENCE public.xc_knex_migrationsv2_lock_index_seq OWNER TO postgres;

--
-- Name: xc_knex_migrationsv2_lock_index_seq; Type: SEQUENCE OWNED BY; Schema: public; Owner: postgres
--

ALTER SEQUENCE public.xc_knex_migrationsv2_lock_index_seq OWNED BY public.xc_knex_migrationsv2_lock.index;


--
-- Name: nc_acl id; Type: DEFAULT; Schema: public; Owner: postgres
--

ALTER TABLE ONLY public.nc_acl ALTER COLUMN id SET DEFAULT nextval('public.nc_acl_id_seq'::regclass);


--
-- Name: nc_api_tokens id; Type: DEFAULT; Schema: public; Owner: postgres
--

ALTER TABLE ONLY public.nc_api_tokens ALTER COLUMN id SET DEFAULT nextval('public.nc_api_tokens_id_seq'::regclass);


--
-- Name: nc_audit id; Type: DEFAULT; Schema: public; Owner: postgres
--

ALTER TABLE ONLY public.nc_audit ALTER COLUMN id SET DEFAULT nextval('public.nc_audit_id_seq'::regclass);


--
-- Name: nc_cron id; Type: DEFAULT; Schema: public; Owner: postgres
--

ALTER TABLE ONLY public.nc_cron ALTER COLUMN id SET DEFAULT nextval('public.nc_cron_id_seq'::regclass);


--
-- Name: nc_disabled_models_for_role id; Type: DEFAULT; Schema: public; Owner: postgres
--

ALTER TABLE ONLY public.nc_disabled_models_for_role ALTER COLUMN id SET DEFAULT nextval('public.nc_disabled_models_for_role_id_seq'::regclass);


--
-- Name: nc_e7nm__Ground id; Type: DEFAULT; Schema: public; Owner: postgres
--

ALTER TABLE ONLY public."nc_e7nm__Ground" ALTER COLUMN id SET DEFAULT nextval('public."nc_e7nm___Ground_id_seq"'::regclass);


--
-- Name: nc_e7nm__Jurisdiction id; Type: DEFAULT; Schema: public; Owner: postgres
--

ALTER TABLE ONLY public."nc_e7nm__Jurisdiction" ALTER COLUMN id SET DEFAULT nextval('public."nc_e7nm___Jurisdiction_id_seq"'::regclass);


--
-- Name: nc_e7nm___Agent id; Type: DEFAULT; Schema: public; Owner: postgres
--

ALTER TABLE ONLY public."nc_e7nm___Agent" ALTER COLUMN id SET DEFAULT nextval('public."nc_e7nm___Agent_id_seq"'::regclass);


--
-- Name: nc_e7nm___Case id; Type: DEFAULT; Schema: public; Owner: postgres
--

ALTER TABLE ONLY public."nc_e7nm___Case" ALTER COLUMN id SET DEFAULT nextval('public."nc_e7nm___Case_id_seq"'::regclass);


--
-- Name: nc_e7nm___Decision id; Type: DEFAULT; Schema: public; Owner: postgres
--

ALTER TABLE ONLY public."nc_e7nm___Decision" ALTER COLUMN id SET DEFAULT nextval('public."nc_e7nm___Decision_id_seq"'::regclass);


--
-- Name: nc_e7nm___Resource id; Type: DEFAULT; Schema: public; Owner: postgres
--

ALTER TABLE ONLY public."nc_e7nm___Resource" ALTER COLUMN id SET DEFAULT nextval('public."nc_e7nm___Resource_id_seq"'::regclass);


--
-- Name: nc_hooks id; Type: DEFAULT; Schema: public; Owner: postgres
--

ALTER TABLE ONLY public.nc_hooks ALTER COLUMN id SET DEFAULT nextval('public.nc_hooks_id_seq'::regclass);


--
-- Name: nc_loaders id; Type: DEFAULT; Schema: public; Owner: postgres
--

ALTER TABLE ONLY public.nc_loaders ALTER COLUMN id SET DEFAULT nextval('public.nc_loaders_id_seq'::regclass);


--
-- Name: nc_migrations id; Type: DEFAULT; Schema: public; Owner: postgres
--

ALTER TABLE ONLY public.nc_migrations ALTER COLUMN id SET DEFAULT nextval('public.nc_migrations_id_seq'::regclass);


--
-- Name: nc_models id; Type: DEFAULT; Schema: public; Owner: postgres
--

ALTER TABLE ONLY public.nc_models ALTER COLUMN id SET DEFAULT nextval('public.nc_models_id_seq'::regclass);


--
-- Name: nc_plugins id; Type: DEFAULT; Schema: public; Owner: postgres
--

ALTER TABLE ONLY public.nc_plugins ALTER COLUMN id SET DEFAULT nextval('public.nc_plugins_id_seq'::regclass);


--
-- Name: nc_relations id; Type: DEFAULT; Schema: public; Owner: postgres
--

ALTER TABLE ONLY public.nc_relations ALTER COLUMN id SET DEFAULT nextval('public.nc_relations_id_seq'::regclass);


--
-- Name: nc_resolvers id; Type: DEFAULT; Schema: public; Owner: postgres
--

ALTER TABLE ONLY public.nc_resolvers ALTER COLUMN id SET DEFAULT nextval('public.nc_resolvers_id_seq'::regclass);


--
-- Name: nc_roles id; Type: DEFAULT; Schema: public; Owner: postgres
--

ALTER TABLE ONLY public.nc_roles ALTER COLUMN id SET DEFAULT nextval('public.nc_roles_id_seq'::regclass);


--
-- Name: nc_routes id; Type: DEFAULT; Schema: public; Owner: postgres
--

ALTER TABLE ONLY public.nc_routes ALTER COLUMN id SET DEFAULT nextval('public.nc_routes_id_seq'::regclass);


--
-- Name: nc_rpc id; Type: DEFAULT; Schema: public; Owner: postgres
--

ALTER TABLE ONLY public.nc_rpc ALTER COLUMN id SET DEFAULT nextval('public.nc_rpc_id_seq'::regclass);


--
-- Name: nc_shared_bases id; Type: DEFAULT; Schema: public; Owner: postgres
--

ALTER TABLE ONLY public.nc_shared_bases ALTER COLUMN id SET DEFAULT nextval('public.nc_shared_bases_id_seq'::regclass);


--
-- Name: nc_shared_views id; Type: DEFAULT; Schema: public; Owner: postgres
--

ALTER TABLE ONLY public.nc_shared_views ALTER COLUMN id SET DEFAULT nextval('public.nc_shared_views_id_seq'::regclass);


--
-- Name: nc_store id; Type: DEFAULT; Schema: public; Owner: postgres
--

ALTER TABLE ONLY public.nc_store ALTER COLUMN id SET DEFAULT nextval('public.nc_store_id_seq'::regclass);


--
-- Name: xc_knex_migrations id; Type: DEFAULT; Schema: public; Owner: postgres
--

ALTER TABLE ONLY public.xc_knex_migrations ALTER COLUMN id SET DEFAULT nextval('public.xc_knex_migrations_id_seq'::regclass);


--
-- Name: xc_knex_migrations_lock index; Type: DEFAULT; Schema: public; Owner: postgres
--

ALTER TABLE ONLY public.xc_knex_migrations_lock ALTER COLUMN index SET DEFAULT nextval('public.xc_knex_migrations_lock_index_seq'::regclass);


--
-- Name: xc_knex_migrationsv2 id; Type: DEFAULT; Schema: public; Owner: postgres
--

ALTER TABLE ONLY public.xc_knex_migrationsv2 ALTER COLUMN id SET DEFAULT nextval('public.xc_knex_migrationsv2_id_seq'::regclass);


--
-- Name: xc_knex_migrationsv2_lock index; Type: DEFAULT; Schema: public; Owner: postgres
--

ALTER TABLE ONLY public.xc_knex_migrationsv2_lock ALTER COLUMN index SET DEFAULT nextval('public.xc_knex_migrationsv2_lock_index_seq'::regclass);


--
-- Data for Name: nc_acl; Type: TABLE DATA; Schema: public; Owner: postgres
--

COPY public.nc_acl (id, project_id, db_alias, tn, acl, type, created_at, updated_at) FROM stdin;
\.


--
-- Data for Name: nc_api_tokens; Type: TABLE DATA; Schema: public; Owner: postgres
--

COPY public.nc_api_tokens (id, base_id, db_alias, description, permissions, token, expiry, enabled, created_at, updated_at, fk_user_id) FROM stdin;
\.


--
-- Data for Name: nc_audit; Type: TABLE DATA; Schema: public; Owner: postgres
--

COPY public.nc_audit (id, "user", ip, project_id, db_alias, model_name, model_id, op_type, op_sub_type, status, description, details, created_at, updated_at) FROM stdin;
\.


--
-- Data for Name: nc_audit_v2; Type: TABLE DATA; Schema: public; Owner: postgres
--

COPY public.nc_audit_v2 (id, "user", ip, source_id, base_id, fk_model_id, row_id, op_type, op_sub_type, status, description, details, created_at, updated_at) FROM stdin;
adtbjw99qi9rel17b	clement.brutti.mairesse@gmail.com	\N	b7h4beh25tf3z66	pku0f4n052lothp	\N	\N	TABLE	CREATE	\N	Table nc_e7nm___Features with alias Features has been created	\N	2024-02-01 19:29:22+00	2024-02-01 19:29:22+00
adt8x8lciottz4mei	clement.brutti.mairesse@gmail.com	::ffff:172.23.0.1	\N	\N	\N	\N	AUTHENTICATION	SIGNUP	\N	User has signed up	\N	2024-02-01 19:29:22+00	2024-02-01 19:29:22+00
adteawyftcqdgeba8	clement.brutti.mairesse@gmail.com	\N	\N	\N	\N	\N	AUTHENTICATION	SIGNIN	\N	\N	\N	2024-02-01 19:29:22+00	2024-02-01 19:29:22+00
adttq0k9pd3daqud2	clement.brutti.mairesse@gmail.com	\N	b7h4beh25tf3z66	pku0f4n052lothp	\N	\N	TABLE	CREATE	\N	Table nc_e7nm___agent_type_csv with alias AgentTypeCsv has been created	\N	2024-02-01 19:44:53+00	2024-02-01 19:44:53+00
adtwalq3dzpxrxk1m	clement.brutti.mairesse@gmail.com	::ffff:172.23.0.1	b7h4beh25tf3z66	pku0f4n052lothp	\N	\N	TABLE	DELETE	\N	Deleted table nc_e7nm___Features with alias Features  	\N	2024-02-01 19:48:54+00	2024-02-01 19:48:54+00
adtuxx4ivy14vwk24	clement.brutti.mairesse@gmail.com	\N	\N	\N	\N	\N	AUTHENTICATION	SIGNIN	\N	\N	\N	2024-02-02 22:08:47+00	2024-02-02 22:08:47+00
adt0ecdo5f375srss	clement.brutti.mairesse@gmail.com	::ffff:172.23.0.1	b7h4beh25tf3z66	pku0f4n052lothp	\N	\N	TABLE	DELETE	\N	Deleted table nc_e7nm__AgentType with alias AgentType  	\N	2024-02-02 22:08:56+00	2024-02-02 22:08:56+00
adtdrhq5r4sxbz2xc	clement.brutti.mairesse@gmail.com	\N	b7h4beh25tf3z66	pku0f4n052lothp	\N	\N	TABLE	CREATE	\N	Table nc_e7nm___DecisionStatus with alias DecisionStatus has been created	\N	2024-02-02 22:09:36+00	2024-02-02 22:09:36+00
adtq2hu1dtlwm2ekv	clement.brutti.mairesse@gmail.com	::ffff:172.23.0.1	\N	pku0f4n052lothp	\N	\N	TABLE_COLUMN	UPDATE	\N	The column title with alias Title from table nc_e7nm___DecisionStatus has been updated	\N	2024-02-02 22:09:46+00	2024-02-02 22:09:46+00
adtabvi1ildfens7g	clement.brutti.mairesse@gmail.com	\N	b7h4beh25tf3z66	pku0f4n052lothp	\N	\N	TABLE	CREATE	\N	Table nc_e7nm___Jurisdiction with alias Jurisdiction has been created	\N	2024-02-02 22:10:14+00	2024-02-02 22:10:14+00
adtwi09or3yu019l6	clement.brutti.mairesse@gmail.com	::ffff:172.23.0.1	\N	pku0f4n052lothp	\N	\N	TABLE_COLUMN	UPDATE	\N	The column title with alias Title from table nc_e7nm___Jurisdiction has been updated	\N	2024-02-02 22:10:23+00	2024-02-02 22:10:23+00
adtwt01gqiecpseyj	clement.brutti.mairesse@gmail.com	::ffff:172.23.0.1	\N	pku0f4n052lothp	\N	\N	TABLE_COLUMN	CREATE	\N	The column Geolocation with alias Geolocation from table nc_e7nm___Jurisdiction has been created	\N	2024-02-02 22:10:32+00	2024-02-02 22:10:32+00
adthdvvnol3w06vjh	clement.brutti.mairesse@gmail.com	::ffff:172.23.0.1	\N	pku0f4n052lothp	\N	\N	TABLE_COLUMN	CREATE	\N	The column JurisdictionUrl with alias JurisdictionUrl from table nc_e7nm___Jurisdiction has been created	\N	2024-02-02 22:10:40+00	2024-02-02 22:10:40+00
adt6k12dia3q5kt7x	clement.brutti.mairesse@gmail.com	::ffff:172.23.0.1	\N	pku0f4n052lothp	\N	\N	TABLE_COLUMN	CREATE	\N	The column Scope with alias Scope from table nc_e7nm___Jurisdiction has been created	\N	2024-02-02 22:10:45+00	2024-02-02 22:10:45+00
adttb9pimied8b56j	clement.brutti.mairesse@gmail.com	\N	b7h4beh25tf3z66	pku0f4n052lothp	\N	\N	TABLE	CREATE	\N	Table nc_e7nm___GroundType with alias GroundType has been created	\N	2024-02-02 22:11:12+00	2024-02-02 22:11:12+00
adt252kdo1e9pty9r	clement.brutti.mairesse@gmail.com	::ffff:172.23.0.1	\N	pku0f4n052lothp	\N	\N	TABLE_COLUMN	UPDATE	\N	The column title with alias Title from table nc_e7nm___GroundType has been updated	\N	2024-02-02 22:11:18+00	2024-02-02 22:11:18+00
adtso5zze6kjrof9t	clement.brutti.mairesse@gmail.com	\N	b7h4beh25tf3z66	pku0f4n052lothp	\N	\N	TABLE	CREATE	\N	Table nc_e7nm___Ground with alias Ground has been created	\N	2024-02-02 22:11:27+00	2024-02-02 22:11:27+00
adtkcaa1jx68zrjer	clement.brutti.mairesse@gmail.com	::ffff:172.23.0.1	\N	pku0f4n052lothp	\N	\N	TABLE_COLUMN	UPDATE	\N	The column title with alias Title from table nc_e7nm___Ground has been updated	\N	2024-02-02 22:11:36+00	2024-02-02 22:11:36+00
adtkhqatnaoodkfrs	clement.brutti.mairesse@gmail.com	::ffff:172.23.0.1	\N	pku0f4n052lothp	\N	\N	TABLE_COLUMN	CREATE	\N	The column Type with alias Type from table nc_e7nm___Ground has been created	\N	2024-02-02 22:12:53+00	2024-02-02 22:12:53+00
adtvhktpddw68g51t	clement.brutti.mairesse@gmail.com	::ffff:172.23.0.1	b7h4beh25tf3z66	pku0f4n052lothp	m30p692bsgwk5eq	1	DATA	INSERT	\N	Record with ID 1 has been inserted into Table Ground	\N	2024-02-02 22:12:55+00	2024-02-02 22:12:55+00
adt7mzyj3vdgev0xp	clement.brutti.mairesse@gmail.com	::ffff:172.23.0.1	b7h4beh25tf3z66	pku0f4n052lothp	m30p692bsgwk5eq	1	DATA	UPDATE	\N	Record with ID 1 has been updated in Table Ground.		2024-02-02 22:18:46+00	2024-02-02 22:18:46+00
adtqkq98xkjz0yu7u	clement.brutti.mairesse@gmail.com	::ffff:172.23.0.1	b7h4beh25tf3z66	pku0f4n052lothp	m30p692bsgwk5eq	1	DATA	LINK_RECORD	\N	Record [id:1] has been linked with record [id:1] in Ground	\N	2024-02-02 22:18:46+00	2024-02-02 22:18:46+00
adtoxo62q4x7q1chq	clement.brutti.mairesse@gmail.com	::ffff:172.23.0.1	b7h4beh25tf3z66	pku0f4n052lothp	m30p692bsgwk5eq	1	DATA	UPDATE	\N	Record with ID 1 has been updated in Table Ground.		2024-02-02 22:18:47+00	2024-02-02 22:18:47+00
adtvjfvmd4ndvha78	clement.brutti.mairesse@gmail.com	::ffff:172.23.0.1	b7h4beh25tf3z66	pku0f4n052lothp	m30p692bsgwk5eq	1	DATA	LINK_RECORD	\N	Record [id:2] has been linked with record [id:1] in Ground	\N	2024-02-02 22:18:47+00	2024-02-02 22:18:47+00
adt3x531m1d1favjg	clement.brutti.mairesse@gmail.com	::ffff:172.23.0.1	\N	pku0f4n052lothp	\N	\N	TABLE_COLUMN	CREATE	\N	The column title8 with alias title8 from table nc_e7nm___Ground has been created	\N	2024-02-02 22:19:33+00	2024-02-02 22:19:33+00
adt8xhurt879yysat	clement.brutti.mairesse@gmail.com	::ffff:172.23.0.1	b7h4beh25tf3z66	pku0f4n052lothp	m30p692bsgwk5eq	1	DATA	UPDATE	\N	Record with ID 1 has been updated in Table Ground.		2024-02-02 22:19:37+00	2024-02-02 22:19:37+00
adtdkrnzdg44mtnkj	clement.brutti.mairesse@gmail.com	::ffff:172.23.0.1	b7h4beh25tf3z66	pku0f4n052lothp	m30p692bsgwk5eq	1	DATA	LINK_RECORD	\N	Record [id:1] has been linked with record [id:1] in Ground	\N	2024-02-02 22:19:37+00	2024-02-02 22:19:37+00
adt0rqcbncg90jpbo	clement.brutti.mairesse@gmail.com	::ffff:172.23.0.1	b7h4beh25tf3z66	pku0f4n052lothp	m30p692bsgwk5eq	1	DATA	UPDATE	\N	Record with ID 1 has been updated in Table Ground.		2024-02-02 22:19:38+00	2024-02-02 22:19:38+00
adt3jawwkoetku808	clement.brutti.mairesse@gmail.com	::ffff:172.23.0.1	b7h4beh25tf3z66	pku0f4n052lothp	m30p692bsgwk5eq	1	DATA	LINK_RECORD	\N	Record [id:2] has been linked with record [id:1] in Ground	\N	2024-02-02 22:19:38+00	2024-02-02 22:19:38+00
adtwylg9j73qd3fia	clement.brutti.mairesse@gmail.com	::ffff:172.23.0.1	b7h4beh25tf3z66	pku0f4n052lothp	m30p692bsgwk5eq	1	DATA	UPDATE	\N	Record with ID 1 has been updated in Table Ground.		2024-02-02 22:19:40+00	2024-02-02 22:19:40+00
adts7lb29z8oab964	clement.brutti.mairesse@gmail.com	::ffff:172.23.0.1	b7h4beh25tf3z66	pku0f4n052lothp	m30p692bsgwk5eq	1	DATA	LINK_RECORD	\N	Record [id:3] has been linked with record [id:1] in Ground	\N	2024-02-02 22:19:40+00	2024-02-02 22:19:40+00
adtxkdzto4a0oj7do	clement.brutti.mairesse@gmail.com	::ffff:172.23.0.1	b7h4beh25tf3z66	pku0f4n052lothp	m30p692bsgwk5eq	1	DATA	UPDATE	\N	Record with ID 1 has been updated in Table Ground.		2024-02-02 22:19:41+00	2024-02-02 22:19:41+00
adtydrp0u2f2lwnmp	clement.brutti.mairesse@gmail.com	::ffff:172.23.0.1	b7h4beh25tf3z66	pku0f4n052lothp	m30p692bsgwk5eq	1	DATA	LINK_RECORD	\N	Record [id:4] has been linked with record [id:1] in Ground	\N	2024-02-02 22:19:41+00	2024-02-02 22:19:41+00
adt57ukatohdg0smb	clement.brutti.mairesse@gmail.com	::ffff:172.23.0.1	\N	pku0f4n052lothp	\N	\N	TABLE_COLUMN	DELETE	\N	The column null with alias title8 from table nc_e7nm___Ground has been deleted	\N	2024-02-02 22:19:51+00	2024-02-02 22:19:51+00
adtr2hwygkvimb1xg	clement.brutti.mairesse@gmail.com	::ffff:172.23.0.1	b7h4beh25tf3z66	pku0f4n052lothp	m30p692bsgwk5eq	1	DATA	UPDATE	\N	Record with ID 1 has been updated in Table Ground.		2024-02-02 22:20:22+00	2024-02-02 22:20:22+00
adt14q5lvn8hm5zq5	clement.brutti.mairesse@gmail.com	::ffff:172.23.0.1	b7h4beh25tf3z66	pku0f4n052lothp	m30p692bsgwk5eq	1	DATA	UNLINK_RECORD	\N	Record [id:1] has been unlinked with record [id:1] in Ground	\N	2024-02-02 22:20:22+00	2024-02-02 22:20:22+00
adttde89zxuvvkb3b	clement.brutti.mairesse@gmail.com	::ffff:172.23.0.1	\N	pku0f4n052lothp	\N	\N	TABLE_COLUMN	CREATE	\N	The column title8 with alias title8 from table nc_e7nm___Ground has been created	\N	2024-02-02 22:21:58+00	2024-02-02 22:21:58+00
adtodtguokchzgy5d	clement.brutti.mairesse@gmail.com	::ffff:172.23.0.1	b7h4beh25tf3z66	pku0f4n052lothp	m30p692bsgwk5eq	1	DATA	UPDATE	\N	Record with ID 1 has been updated in Table Ground.\nColumn "title8" got changed from "null" to "Toto"	<span class="">title8</span>\n  : <span class="text-decoration-line-through red px-2 lighten-4 black--text">null</span>\n  <span class="black--text green lighten-4 px-2">Toto</span>	2024-02-02 22:22:03+00	2024-02-02 22:22:03+00
adt0v8e1aqg2shlqx	clement.brutti.mairesse@gmail.com	::ffff:172.23.0.1	b7h4beh25tf3z66	pku0f4n052lothp	m30p692bsgwk5eq	1	DATA	UPDATE	\N	Record with ID 1 has been updated in Table Ground.\nColumn "title8" got changed from "Toto" to "AA"	<span class="">title8</span>\n  : <span class="text-decoration-line-through red px-2 lighten-4 black--text">Toto</span>\n  <span class="black--text green lighten-4 px-2">AA</span>	2024-02-02 22:22:05+00	2024-02-02 22:22:05+00
adtxrw7z5zkorz6tb	clement.brutti.mairesse@gmail.com	::ffff:172.23.0.1	b7h4beh25tf3z66	pku0f4n052lothp	m30p692bsgwk5eq	1	DATA	UPDATE	\N	Record with ID 1 has been updated in Table Ground.		2024-02-02 22:22:15+00	2024-02-02 22:22:15+00
adtrv7pjwp7b01v3o	clement.brutti.mairesse@gmail.com	::ffff:172.23.0.1	b7h4beh25tf3z66	pku0f4n052lothp	m30p692bsgwk5eq	1	DATA	LINK_RECORD	\N	Record [id:1] has been linked with record [id:1] in Ground	\N	2024-02-02 22:22:15+00	2024-02-02 22:22:15+00
adto0njcfxxh79bok	clement.brutti.mairesse@gmail.com	::ffff:172.23.0.1	b7h4beh25tf3z66	pku0f4n052lothp	m30p692bsgwk5eq	1	DATA	UPDATE	\N	Record with ID 1 has been updated in Table Ground.		2024-02-02 22:22:16+00	2024-02-02 22:22:16+00
adty4839wgqpcoe14	clement.brutti.mairesse@gmail.com	::ffff:172.23.0.1	b7h4beh25tf3z66	pku0f4n052lothp	m30p692bsgwk5eq	1	DATA	LINK_RECORD	\N	Record [id:3] has been linked with record [id:1] in Ground	\N	2024-02-02 22:22:16+00	2024-02-02 22:22:16+00
adtq5nwag38om7zdc	clement.brutti.mairesse@gmail.com	::ffff:172.23.0.1	b7h4beh25tf3z66	pku0f4n052lothp	m30p692bsgwk5eq	1	DATA	UPDATE	\N	Record with ID 1 has been updated in Table Ground.		2024-02-02 22:22:19+00	2024-02-02 22:22:19+00
adtnb0is1p8vjgzg6	clement.brutti.mairesse@gmail.com	::ffff:172.23.0.1	b7h4beh25tf3z66	pku0f4n052lothp	m30p692bsgwk5eq	1	DATA	UNLINK_RECORD	\N	Record [id:3] has been unlinked with record [id:1] in Ground	\N	2024-02-02 22:22:19+00	2024-02-02 22:22:19+00
adtjnhtcwv1gbnd34	clement.brutti.mairesse@gmail.com	::ffff:172.23.0.1	b7h4beh25tf3z66	pku0f4n052lothp	m30p692bsgwk5eq	2	DATA	INSERT	\N	Record with ID 2 has been inserted into Table Ground	\N	2024-02-02 22:23:38+00	2024-02-02 22:23:38+00
adt60d0vkkpjgkq3v	clement.brutti.mairesse@gmail.com	::ffff:172.23.0.1	b7h4beh25tf3z66	pku0f4n052lothp	m30p692bsgwk5eq	2	DATA	UPDATE	\N	Record with ID 2 has been updated in Table Ground.		2024-02-02 22:23:42+00	2024-02-02 22:23:42+00
adt9cwql0qz1ec34l	clement.brutti.mairesse@gmail.com	::ffff:172.23.0.1	b7h4beh25tf3z66	pku0f4n052lothp	m30p692bsgwk5eq	2	DATA	LINK_RECORD	\N	Record [id:2] has been linked with record [id:2] in Ground	\N	2024-02-02 22:23:42+00	2024-02-02 22:23:42+00
adtt0y30dc3qhycom	clement.brutti.mairesse@gmail.com	::ffff:172.23.0.1	b7h4beh25tf3z66	pku0f4n052lothp	m30p692bsgwk5eq	2	DATA	UPDATE	\N	Record with ID 2 has been updated in Table Ground.		2024-02-02 22:23:46+00	2024-02-02 22:23:46+00
adt4w1s4ivwdebc3u	clement.brutti.mairesse@gmail.com	::ffff:172.23.0.1	b7h4beh25tf3z66	pku0f4n052lothp	m30p692bsgwk5eq	2	DATA	LINK_RECORD	\N	Record [id:5] has been linked with record [id:2] in Ground	\N	2024-02-02 22:23:46+00	2024-02-02 22:23:46+00
adtikxx1lzyrovd5z	clement.brutti.mairesse@gmail.com	::ffff:172.23.0.1	b7h4beh25tf3z66	pku0f4n052lothp	m30p692bsgwk5eq	2	DATA	UPDATE	\N	Record with ID 2 has been updated in Table Ground.		2024-02-02 22:23:47+00	2024-02-02 22:23:47+00
adtkxg1jtbwk7k3rt	clement.brutti.mairesse@gmail.com	::ffff:172.23.0.1	b7h4beh25tf3z66	pku0f4n052lothp	m30p692bsgwk5eq	2	DATA	LINK_RECORD	\N	Record [id:4] has been linked with record [id:2] in Ground	\N	2024-02-02 22:23:47+00	2024-02-02 22:23:47+00
adt3oa8o7kvkbjtpx	clement.brutti.mairesse@gmail.com	::ffff:172.23.0.1	b7h4beh25tf3z66	pku0f4n052lothp	m30p692bsgwk5eq	2	DATA	UPDATE	\N	Record with ID 2 has been updated in Table Ground.		2024-02-02 22:23:47+00	2024-02-02 22:23:47+00
adt3288ryjr0z1iw4	clement.brutti.mairesse@gmail.com	::ffff:172.23.0.1	b7h4beh25tf3z66	pku0f4n052lothp	m30p692bsgwk5eq	2	DATA	LINK_RECORD	\N	Record [id:1] has been linked with record [id:2] in Ground	\N	2024-02-02 22:23:47+00	2024-02-02 22:23:47+00
adtfs33df1w5wp693	clement.brutti.mairesse@gmail.com	::ffff:172.23.0.1	\N	pku0f4n052lothp	\N	\N	TABLE_COLUMN	DELETE	\N	The column title8 with alias title8 from table nc_e7nm___Ground has been deleted	\N	2024-02-02 22:24:25+00	2024-02-02 22:24:25+00
adtx61see19zr4q38	clement.brutti.mairesse@gmail.com	::ffff:172.23.0.1	b7h4beh25tf3z66	pku0f4n052lothp	m624pufz23o9lt7	1	DATA	INSERT	\N	Record with ID 1 has been inserted into Table Jurisdiction	\N	2024-02-02 22:29:28+00	2024-02-02 22:29:28+00
adtw0jsac99gg075t	clement.brutti.mairesse@gmail.com	::ffff:172.23.0.1	b7h4beh25tf3z66	pku0f4n052lothp	m624pufz23o9lt7	2	DATA	INSERT	\N	Record with ID 2 has been inserted into Table Jurisdiction	\N	2024-02-02 22:29:30+00	2024-02-02 22:29:30+00
adt1jcp5kf5185uvs	clement.brutti.mairesse@gmail.com	::ffff:172.23.0.1	b7h4beh25tf3z66	pku0f4n052lothp	m624pufz23o9lt7	3	DATA	INSERT	\N	Record with ID 3 has been inserted into Table Jurisdiction	\N	2024-02-02 22:29:31+00	2024-02-02 22:29:31+00
adt4rnvvm7weln518	clement.brutti.mairesse@gmail.com	::ffff:172.23.0.1	b7h4beh25tf3z66	pku0f4n052lothp	m624pufz23o9lt7	4	DATA	INSERT	\N	Record with ID 4 has been inserted into Table Jurisdiction	\N	2024-02-02 22:30:28+00	2024-02-02 22:30:28+00
adt88zxysr87sf8fq	clement.brutti.mairesse@gmail.com	::ffff:172.23.0.1	b7h4beh25tf3z66	pku0f4n052lothp	m624pufz23o9lt7	5	DATA	INSERT	\N	Record with ID 5 has been inserted into Table Jurisdiction	\N	2024-02-02 22:30:51+00	2024-02-02 22:30:51+00
adtchu6qkj3pkh0xr	clement.brutti.mairesse@gmail.com	::ffff:172.23.0.1	\N	pku0f4n052lothp	\N	\N	TABLE_COLUMN	DELETE	\N	The column null with alias Ground from table nc_e7nm___GroundType has been deleted	\N	2024-02-02 22:32:28+00	2024-02-02 22:32:28+00
adt4l1z3c556elk37	clement.brutti.mairesse@gmail.com	::ffff:172.23.0.1	b7h4beh25tf3z66	pku0f4n052lothp	\N	\N	TABLE	DELETE	\N	Deleted table nc_e7nm___GroundType with alias GroundType  	\N	2024-02-02 22:32:28+00	2024-02-02 22:32:28+00
adty4pvuvn7ppv3ek	clement.brutti.mairesse@gmail.com	::ffff:172.23.0.1	b7h4beh25tf3z66	pku0f4n052lothp	\N	\N	TABLE	DELETE	\N	Deleted table nc_e7nm___DecisionStatus with alias DecisionStatus  	\N	2024-02-02 22:32:39+00	2024-02-02 22:32:39+00
adt50jg0705e9ugnl	clement.brutti.mairesse@gmail.com	::ffff:172.23.0.1	\N	pku0f4n052lothp	\N	\N	TABLE_COLUMN	CREATE	\N	The column Type_de_fondement with alias Type de fondement from table nc_e7nm__Fondement has been created	\N	2024-02-02 22:33:53+00	2024-02-02 22:33:53+00
adtqz4h7txxt7gv6q	clement.brutti.mairesse@gmail.com	::ffff:172.23.0.1	b7h4beh25tf3z66	pku0f4n052lothp	m30p692bsgwk5eq	1	DATA	UPDATE	\N	Record with ID 1 has been updated in Table Fondement.\nColumn "Type de fondement" got changed from "null" to "Droits humains"	<span class="">Type de fondement</span>\n  : <span class="text-decoration-line-through red px-2 lighten-4 black--text">null</span>\n  <span class="black--text green lighten-4 px-2">Droits humains</span>	2024-02-02 22:33:57+00	2024-02-02 22:33:57+00
adtmkafca8uyd72pl	clement.brutti.mairesse@gmail.com	::ffff:172.23.0.1	\N	pku0f4n052lothp	\N	\N	TABLE_COLUMN	UPDATE	\N	The column Name with alias Name from table nc_e7nm__Fondement has been updated	\N	2024-02-02 22:35:17+00	2024-02-02 22:35:17+00
adtbvkjn55azch2e3	clement.brutti.mairesse@gmail.com	\N	b7h4beh25tf3z66	pku0f4n052lothp	\N	\N	TABLE	CREATE	\N	Table nc_e7nm___Agent with alias Agent has been created	\N	2024-02-02 22:35:49+00	2024-02-02 22:35:49+00
adtbck4gpokdapzcf	clement.brutti.mairesse@gmail.com	::ffff:172.23.0.1	\N	pku0f4n052lothp	\N	\N	TABLE_COLUMN	UPDATE	\N	The column title with alias Title from table nc_e7nm___Agent has been updated	\N	2024-02-02 22:37:17+00	2024-02-02 22:37:17+00
adty95zs5ykluhy02	clement.brutti.mairesse@gmail.com	::ffff:172.23.0.1	\N	pku0f4n052lothp	\N	\N	TABLE_COLUMN	UPDATE	\N	The column Name with alias Name from table nc_e7nm___Agent has been updated	\N	2024-02-02 22:37:26+00	2024-02-02 22:37:26+00
adtutbch6agqw26wz	clement.brutti.mairesse@gmail.com	::ffff:172.23.0.1	b7h4beh25tf3z66	pku0f4n052lothp	myzi8ry2u91yan3	1	DATA	INSERT	\N	Record with ID 1 has been inserted into Table Agent	\N	2024-02-02 22:37:28+00	2024-02-02 22:37:28+00
adtkpb5p55lty32cs	clement.brutti.mairesse@gmail.com	::ffff:172.23.0.1	b7h4beh25tf3z66	pku0f4n052lothp	myzi8ry2u91yan3	2	DATA	INSERT	\N	Record with ID 2 has been inserted into Table Agent	\N	2024-02-02 22:37:29+00	2024-02-02 22:37:29+00
adtwtec6srlooot07	clement.brutti.mairesse@gmail.com	::ffff:172.23.0.1	b7h4beh25tf3z66	pku0f4n052lothp	myzi8ry2u91yan3	1	DATA	UPDATE	\N	Record with ID 1 has been updated in Table Agent.\nColumn "Name" got changed from "null" to "ss"	<span class="">Name</span>\n  : <span class="text-decoration-line-through red px-2 lighten-4 black--text">null</span>\n  <span class="black--text green lighten-4 px-2">ss</span>	2024-02-02 22:37:29+00	2024-02-02 22:37:29+00
adtjd9ljbkefza7el	clement.brutti.mairesse@gmail.com	::ffff:172.23.0.1	b7h4beh25tf3z66	pku0f4n052lothp	myzi8ry2u91yan3	3	DATA	INSERT	\N	Record with ID 3 has been inserted into Table Agent	\N	2024-02-02 22:37:31+00	2024-02-02 22:37:31+00
adtr633mwh80gzw0p	clement.brutti.mairesse@gmail.com	::ffff:172.23.0.1	b7h4beh25tf3z66	pku0f4n052lothp	myzi8ry2u91yan3	2	DATA	UPDATE	\N	Record with ID 2 has been updated in Table Agent.\nColumn "Name" got changed from "null" to "ss"	<span class="">Name</span>\n  : <span class="text-decoration-line-through red px-2 lighten-4 black--text">null</span>\n  <span class="black--text green lighten-4 px-2">ss</span>	2024-02-02 22:37:31+00	2024-02-02 22:37:31+00
adtukvtl1sq9nt9c2	clement.brutti.mairesse@gmail.com	::ffff:172.23.0.1	b7h4beh25tf3z66	pku0f4n052lothp	myzi8ry2u91yan3	3	DATA	DELETE	\N	Record with ID 3 has been deleted in Table Agent	\N	2024-02-02 22:39:05+00	2024-02-02 22:39:05+00
adt3y94ojmj4v4pwx	clement.brutti.mairesse@gmail.com	::ffff:172.23.0.1	\N	pku0f4n052lothp	\N	\N	TABLE_COLUMN	UPDATE	\N	The column Name with alias Name from table nc_e7nm___Agent has been updated	\N	2024-02-02 22:39:14+00	2024-02-02 22:39:14+00
adthyb4m9eu6snhro	clement.brutti.mairesse@gmail.com	::ffff:172.23.0.1	\N	pku0f4n052lothp	\N	\N	TABLE_COLUMN	UPDATE	\N	The column Name with alias Name from table nc_e7nm___Agent has been updated	\N	2024-02-02 22:42:15+00	2024-02-02 22:42:15+00
adt2jnd14e14ficel	clement.brutti.mairesse@gmail.com	::ffff:172.23.0.1	b7h4beh25tf3z66	pku0f4n052lothp	m30p692bsgwk5eq	2	DATA	DELETE	\N	Record with ID 2 has been deleted in Table Fondement	\N	2024-02-02 22:42:29+00	2024-02-02 22:42:29+00
adt5a93osajsiurtr	clement.brutti.mairesse@gmail.com	::ffff:172.23.0.1	b7h4beh25tf3z66	pku0f4n052lothp	m30p692bsgwk5eq	\N	DATA	BULK_INSERT	\N	23 records have been bulk inserted in Fondement	\N	2024-02-02 22:46:29+00	2024-02-02 22:46:29+00
adtkg403zn876g7ha	clement.brutti.mairesse@gmail.com	::ffff:172.23.0.1	b7h4beh25tf3z66	pku0f4n052lothp	m30p692bsgwk5eq	1	DATA	DELETE	\N	Record with ID 1 has been deleted in Table Fondement	\N	2024-02-02 22:46:40+00	2024-02-02 22:46:40+00
adt2rzm7wzf4aqaas	clement.brutti.mairesse@gmail.com	::ffff:172.23.0.1	\N	pku0f4n052lothp	\N	\N	TABLE_COLUMN	UPDATE	\N	The column Name with alias Name from table nc_e7nm__Fondement has been updated	\N	2024-02-02 22:46:51+00	2024-02-02 22:46:51+00
adtg94zsh3skq5qyf	clement.brutti.mairesse@gmail.com	::ffff:172.23.0.1	\N	pku0f4n052lothp	\N	\N	TABLE_COLUMN	UPDATE	\N	The column Type_de_fondement with alias Type de fondement from table nc_e7nm__Fondement has been updated	\N	2024-02-02 22:47:09+00	2024-02-02 22:47:09+00
adtfarfroofkn8gzv	clement.brutti.mairesse@gmail.com	::ffff:172.23.0.1	b7h4beh25tf3z66	pku0f4n052lothp	m624pufz23o9lt7	5	DATA	DELETE	\N	Record with ID 5 has been deleted in Table Juridiction	\N	2024-02-02 22:48:25+00	2024-02-02 22:48:25+00
adtkd3ur510m0nfra	clement.brutti.mairesse@gmail.com	::ffff:172.23.0.1	b7h4beh25tf3z66	pku0f4n052lothp	m624pufz23o9lt7	4	DATA	DELETE	\N	Record with ID 4 has been deleted in Table Juridiction	\N	2024-02-02 22:48:25+00	2024-02-02 22:48:25+00
adteu091yp109o3v7	clement.brutti.mairesse@gmail.com	::ffff:172.23.0.1	b7h4beh25tf3z66	pku0f4n052lothp	m624pufz23o9lt7	3	DATA	DELETE	\N	Record with ID 3 has been deleted in Table Juridiction	\N	2024-02-02 22:48:25+00	2024-02-02 22:48:25+00
adt15hfwhnqhze10x	clement.brutti.mairesse@gmail.com	::ffff:172.23.0.1	b7h4beh25tf3z66	pku0f4n052lothp	m624pufz23o9lt7	2	DATA	DELETE	\N	Record with ID 2 has been deleted in Table Juridiction	\N	2024-02-02 22:48:25+00	2024-02-02 22:48:25+00
adt96dstsbeavadq8	clement.brutti.mairesse@gmail.com	::ffff:172.23.0.1	b7h4beh25tf3z66	pku0f4n052lothp	m624pufz23o9lt7	1	DATA	DELETE	\N	Record with ID 1 has been deleted in Table Juridiction	\N	2024-02-02 22:48:25+00	2024-02-02 22:48:25+00
adtmsznd48b4fxies	clement.brutti.mairesse@gmail.com	::ffff:172.23.0.1	b7h4beh25tf3z66	pku0f4n052lothp	m624pufz23o9lt7	\N	DATA	BULK_INSERT	\N	20 records have been bulk inserted in Juridiction	\N	2024-02-02 22:48:51+00	2024-02-02 22:48:51+00
adtssr8i1w6120e8h	clement.brutti.mairesse@gmail.com	::ffff:172.23.0.1	\N	pku0f4n052lothp	\N	\N	TABLE_COLUMN	UPDATE	\N	The column Name with alias Name from table nc_e7nm__Juridiction has been updated	\N	2024-02-02 22:48:59+00	2024-02-02 22:48:59+00
adtk2j999ymbkfw73	clement.brutti.mairesse@gmail.com	::ffff:172.23.0.1	\N	pku0f4n052lothp	\N	\N	TABLE_COLUMN	CREATE	\N	The column AgentUrl with alias AgentUrl from table nc_e7nm___Agent has been created	\N	2024-02-02 22:51:33+00	2024-02-02 22:51:33+00
adt5420do0gq10rtb	clement.brutti.mairesse@gmail.com	::ffff:172.23.0.1	\N	pku0f4n052lothp	\N	\N	TABLE_COLUMN	CREATE	\N	The column Description with alias Description from table nc_e7nm___Agent has been created	\N	2024-02-02 22:51:41+00	2024-02-02 22:51:41+00
adta7zw9c1ohz8dul	clement.brutti.mairesse@gmail.com	::ffff:172.23.0.1	\N	pku0f4n052lothp	\N	\N	TABLE_COLUMN	CREATE	\N	The column AgentType with alias AgentType from table nc_e7nm___Agent has been created	\N	2024-02-02 22:52:25+00	2024-02-02 22:52:25+00
adt3iqib6jqo0swua	clement.brutti.mairesse@gmail.com	::ffff:172.23.0.1	\N	pku0f4n052lothp	\N	\N	TABLE_COLUMN	UPDATE	\N	The column AgentType with alias AgentType from table nc_e7nm___Agent has been updated	\N	2024-02-02 22:56:50+00	2024-02-02 22:56:50+00
adtqchsbnyul4wen5	clement.brutti.mairesse@gmail.com	::ffff:172.23.0.1	b7h4beh25tf3z66	pku0f4n052lothp	myzi8ry2u91yan3	\N	DATA	BULK_INSERT	\N	60 records have been bulk inserted in Agent	\N	2024-02-02 22:57:08+00	2024-02-02 22:57:08+00
adt9xccqnxfequahy	clement.brutti.mairesse@gmail.com	::ffff:172.23.0.1	b7h4beh25tf3z66	pku0f4n052lothp	myzi8ry2u91yan3	2	DATA	DELETE	\N	Record with ID 2 has been deleted in Table Agent	\N	2024-02-02 22:57:13+00	2024-02-02 22:57:13+00
adtolsl4t7o8q3d9f	clement.brutti.mairesse@gmail.com	::ffff:172.23.0.1	b7h4beh25tf3z66	pku0f4n052lothp	myzi8ry2u91yan3	1	DATA	DELETE	\N	Record with ID 1 has been deleted in Table Agent	\N	2024-02-02 22:57:13+00	2024-02-02 22:57:13+00
adtxh7e0imqokdmnz	clement.brutti.mairesse@gmail.com	\N	b7h4beh25tf3z66	pku0f4n052lothp	\N	\N	TABLE	CREATE	\N	Table nc_e7nm___Case with alias Case has been created	\N	2024-02-02 23:00:41+00	2024-02-02 23:00:41+00
adt2qrtjsyn26bgw3	clement.brutti.mairesse@gmail.com	::ffff:172.23.0.1	\N	pku0f4n052lothp	\N	\N	TABLE_COLUMN	UPDATE	\N	The column title with alias Title from table nc_e7nm___Case has been updated	\N	2024-02-02 23:00:54+00	2024-02-02 23:00:54+00
adt0bisrlu2ccc8bz	clement.brutti.mairesse@gmail.com	::ffff:172.23.0.1	\N	pku0f4n052lothp	\N	\N	TABLE_COLUMN	CREATE	\N	The column FactsDigest with alias FactsDigest from table nc_e7nm___Case has been created	\N	2024-02-02 23:01:06+00	2024-02-02 23:01:06+00
adt7ka26cwthx8t8i	clement.brutti.mairesse@gmail.com	::ffff:172.23.0.1	\N	pku0f4n052lothp	\N	\N	TABLE_COLUMN	CREATE	\N	The column FactsDate with alias FactsDate from table nc_e7nm___Case has been created	\N	2024-02-02 23:01:22+00	2024-02-02 23:01:22+00
adto97v880idu36jn	clement.brutti.mairesse@gmail.com	::ffff:172.23.0.1	\N	pku0f4n052lothp	\N	\N	TABLE_COLUMN	CREATE	\N	The column GoogleDriveFolder with alias GoogleDriveFolder from table nc_e7nm___Case has been created	\N	2024-02-02 23:02:02+00	2024-02-02 23:02:02+00
adt6qqbiwc0tk3n9p	clement.brutti.mairesse@gmail.com	::ffff:172.23.0.1	\N	pku0f4n052lothp	\N	\N	TABLE_COLUMN	CREATE	\N	The column CaseStatus with alias CaseStatus from table nc_e7nm___Case has been created	\N	2024-02-02 23:02:17+00	2024-02-02 23:02:17+00
adtuk8cdn6tjhiwbq	clement.brutti.mairesse@gmail.com	::ffff:172.23.0.1	\N	pku0f4n052lothp	\N	\N	TABLE_COLUMN	CREATE	\N	The column AppealType with alias AppealType from table nc_e7nm___Case has been created	\N	2024-02-02 23:02:35+00	2024-02-02 23:02:35+00
adtq0s5l9yaltg3s2	clement.brutti.mairesse@gmail.com	::ffff:172.23.0.1	\N	pku0f4n052lothp	\N	\N	TABLE_COLUMN	UPDATE	\N	The column AppealType with alias AppealType from table nc_e7nm___Case has been updated	\N	2024-02-02 23:21:39+00	2024-02-02 23:21:39+00
adthe0wyabq2ulio6	clement.brutti.mairesse@gmail.com	::ffff:172.23.0.1	\N	pku0f4n052lothp	\N	\N	TABLE_COLUMN	UPDATE	\N	The column CaseStatus with alias CaseStatus from table nc_e7nm___Case has been updated	\N	2024-02-02 23:21:51+00	2024-02-02 23:21:51+00
adtk1e2vrr6l9c5wg	clement.brutti.mairesse@gmail.com	::ffff:172.23.0.1	\N	pku0f4n052lothp	\N	\N	TABLE_COLUMN	CREATE	\N	The column Avancement with alias Avancement from table nc_e7nm___Case has been created	\N	2024-02-02 23:23:04+00	2024-02-02 23:23:04+00
adt1a5l2g0veg2zqm	clement.brutti.mairesse@gmail.com	::ffff:172.23.0.1	\N	pku0f4n052lothp	\N	\N	TABLE_COLUMN	UPDATE	\N	The column Avancement with alias Avancement from table nc_e7nm___Case has been updated	\N	2024-02-02 23:23:40+00	2024-02-02 23:23:40+00
adtfanmrd0kkwtagv	clement.brutti.mairesse@gmail.com	::ffff:172.23.0.1	b7h4beh25tf3z66	pku0f4n052lothp	m1jynfeukwahr5p	\N	DATA	BULK_INSERT	\N	107 records have been bulk inserted in Case	\N	2024-02-02 23:24:22+00	2024-02-02 23:24:22+00
adtunyxsdmubweays	clement.brutti.mairesse@gmail.com	\N	b7h4beh25tf3z66	pku0f4n052lothp	\N	\N	TABLE	CREATE	\N	Table nc_e7nm___Decision with alias Decision has been created	\N	2024-02-03 09:34:59+00	2024-02-03 09:34:59+00
adtquzpj987so2fqv	clement.brutti.mairesse@gmail.com	::ffff:172.23.0.1	\N	pku0f4n052lothp	\N	\N	TABLE_COLUMN	UPDATE	\N	The column title with alias Title from table nc_e7nm___Decision has been updated	\N	2024-02-03 09:35:13+00	2024-02-03 09:35:13+00
adtedahd7y59492ht	clement.brutti.mairesse@gmail.com	::ffff:172.23.0.1	\N	pku0f4n052lothp	\N	\N	TABLE_COLUMN	CREATE	\N	The column IntroductionDate with alias IntroductionDate from table nc_e7nm___Decision has been created	\N	2024-02-03 09:35:27+00	2024-02-03 09:35:27+00
adtmpg9sr9g88h4xg	clement.brutti.mairesse@gmail.com	::ffff:172.23.0.1	\N	pku0f4n052lothp	\N	\N	TABLE_COLUMN	CREATE	\N	The column DecisionDate with alias DecisionDate from table nc_e7nm___Decision has been created	\N	2024-02-03 09:35:54+00	2024-02-03 09:35:54+00
adtv0a3wx0lpma51e	clement.brutti.mairesse@gmail.com	::ffff:172.23.0.1	\N	pku0f4n052lothp	\N	\N	TABLE_COLUMN	CREATE	\N	The column Solution with alias Solution from table nc_e7nm___Decision has been created	\N	2024-02-03 09:36:22+00	2024-02-03 09:36:22+00
adth990vo9vd615hp	clement.brutti.mairesse@gmail.com	::ffff:172.23.0.1	\N	pku0f4n052lothp	\N	\N	TABLE_COLUMN	CREATE	\N	The column Comment with alias Comment from table nc_e7nm___Decision has been created	\N	2024-02-03 09:36:32+00	2024-02-03 09:36:32+00
adt6h18fkg38p47h5	clement.brutti.mairesse@gmail.com	::ffff:172.23.0.1	\N	pku0f4n052lothp	\N	\N	TABLE_COLUMN	UPDATE	\N	The column Solution with alias Solution from table nc_e7nm___Decision has been updated	\N	2024-02-03 09:36:37+00	2024-02-03 09:36:37+00
adtjvf35v5zyn5b0a	clement.brutti.mairesse@gmail.com	::ffff:172.23.0.1	b7h4beh25tf3z66	pku0f4n052lothp	mdoxs9fuu2uitwk	\N	DATA	BULK_INSERT	\N	26 records have been bulk inserted in Decision	\N	2024-02-03 09:39:37+00	2024-02-03 09:39:37+00
adt2umfpu9bxg87wt	clement.brutti.mairesse@gmail.com	\N	b7h4beh25tf3z66	pku0f4n052lothp	\N	\N	TABLE	CREATE	\N	Table nc_e7nm___Resource with alias Resource has been created	\N	2024-02-03 09:43:08+00	2024-02-03 09:43:08+00
adtawq6wr3gaqg6gx	clement.brutti.mairesse@gmail.com	::ffff:172.23.0.1	\N	pku0f4n052lothp	\N	\N	TABLE_COLUMN	UPDATE	\N	The column title with alias Title from table nc_e7nm___Resource has been updated	\N	2024-02-03 09:43:16+00	2024-02-03 09:43:16+00
adtunoe8upsiz55u8	clement.brutti.mairesse@gmail.com	::ffff:172.23.0.1	\N	pku0f4n052lothp	\N	\N	TABLE_COLUMN	CREATE	\N	The column Url with alias Url from table nc_e7nm___Resource has been created	\N	2024-02-03 09:43:19+00	2024-02-03 09:43:19+00
adt317dityuud0jpa	clement.brutti.mairesse@gmail.com	::ffff:172.23.0.1	\N	pku0f4n052lothp	\N	\N	TABLE_COLUMN	UPDATE	\N	The column Url with alias Url from table nc_e7nm___Resource has been updated	\N	2024-02-03 09:43:29+00	2024-02-03 09:43:29+00
adttwgbkriqj4xn98	clement.brutti.mairesse@gmail.com	::ffff:172.23.0.1	\N	pku0f4n052lothp	\N	\N	TABLE_COLUMN	CREATE	\N	The column ResourceType with alias ResourceType from table nc_e7nm___Resource has been created	\N	2024-02-03 09:43:53+00	2024-02-03 09:43:53+00
adtt08ei5j9y61b4y	clement.brutti.mairesse@gmail.com	::ffff:172.23.0.1	b7h4beh25tf3z66	pku0f4n052lothp	md1rpqsy3zyf7j4	\N	DATA	BULK_INSERT	\N	27 records have been bulk inserted in Resource	\N	2024-02-03 09:45:11+00	2024-02-03 09:45:11+00
adtmlor1k79f15n1p	clement.brutti.mairesse@gmail.com	::ffff:172.23.0.1	\N	pku0f4n052lothp	\N	\N	TABLE_COLUMN	UPDATE	\N	The column Name with alias Name from table nc_e7nm___Resource has been updated	\N	2024-02-03 09:46:01+00	2024-02-03 09:46:01+00
adtwyswc100a08lvb	clement.brutti.mairesse@gmail.com	::ffff:172.23.0.1	\N	pku0f4n052lothp	\N	\N	TABLE_COLUMN	CREATE	\N	The column Resource with alias Resource from table nc_e7nm___Decision has been created	\N	2024-02-03 09:47:10+00	2024-02-03 09:47:10+00
adtj8trnfessa1d26	clement.brutti.mairesse@gmail.com	::ffff:172.23.0.1	\N	pku0f4n052lothp	\N	\N	TABLE_COLUMN	CREATE	\N	The column Complainants with alias Complainants from table nc_e7nm___Agent has been created	\N	2024-02-03 09:47:57+00	2024-02-03 09:47:57+00
adtu62gjofl68gfe7	clement.brutti.mairesse@gmail.com	::ffff:172.23.0.1	\N	pku0f4n052lothp	\N	\N	TABLE_COLUMN	DELETE	\N	The column null with alias Complainants from table nc_e7nm___Agent has been deleted	\N	2024-02-03 09:48:08+00	2024-02-03 09:48:08+00
adtdv8bzcpr6h6em9	clement.brutti.mairesse@gmail.com	::ffff:172.23.0.1	\N	pku0f4n052lothp	\N	\N	TABLE_COLUMN	CREATE	\N	The column Complainants with alias Complainants from table nc_e7nm___Case has been created	\N	2024-02-03 09:48:28+00	2024-02-03 09:48:28+00
adt76p7zfnsr84r60	clement.brutti.mairesse@gmail.com	::ffff:172.23.0.1	\N	pku0f4n052lothp	\N	\N	TABLE_COLUMN	CREATE	\N	The column ComplainantRecipients with alias ComplainantRecipients from table nc_e7nm___Case has been created	\N	2024-02-03 09:48:50+00	2024-02-03 09:48:50+00
adtnpnrgq5t4i591u	clement.brutti.mairesse@gmail.com	::ffff:172.23.0.1	\N	pku0f4n052lothp	\N	\N	TABLE_COLUMN	CREATE	\N	The column Grounds with alias Grounds from table nc_e7nm___Decision has been created	\N	2024-02-03 09:49:12+00	2024-02-03 09:49:12+00
\.


--
-- Data for Name: nc_base_users_v2; Type: TABLE DATA; Schema: public; Owner: postgres
--

COPY public.nc_base_users_v2 (base_id, fk_user_id, roles, starred, pinned, "group", color, "order", hidden, opened_date, created_at, updated_at) FROM stdin;
pku0f4n052lothp	usf8z9j18q1qv6jf	owner	\N	\N	\N	\N	\N	\N	\N	2024-02-01 19:29:22+00	2024-02-01 19:29:22+00
\.


--
-- Data for Name: nc_bases_v2; Type: TABLE DATA; Schema: public; Owner: postgres
--

COPY public.nc_bases_v2 (id, title, prefix, status, description, meta, color, uuid, password, roles, deleted, is_meta, "order", created_at, updated_at) FROM stdin;
pku0f4n052lothp	NAAT	nc_e7nm__	\N	\N	\N	\N	\N	\N	\N	f	t	\N	2024-02-01 19:29:22+00	2024-02-03 09:50:42+00
\.


--
-- Data for Name: nc_col_barcode_v2; Type: TABLE DATA; Schema: public; Owner: postgres
--

COPY public.nc_col_barcode_v2 (id, fk_column_id, fk_barcode_value_column_id, barcode_format, deleted, created_at, updated_at) FROM stdin;
\.


--
-- Data for Name: nc_col_formula_v2; Type: TABLE DATA; Schema: public; Owner: postgres
--

COPY public.nc_col_formula_v2 (id, fk_column_id, formula, formula_raw, error, deleted, "order", created_at, updated_at, parsed_tree) FROM stdin;
\.


--
-- Data for Name: nc_col_lookup_v2; Type: TABLE DATA; Schema: public; Owner: postgres
--

COPY public.nc_col_lookup_v2 (id, fk_column_id, fk_relation_column_id, fk_lookup_column_id, deleted, created_at, updated_at) FROM stdin;
\.


--
-- Data for Name: nc_col_qrcode_v2; Type: TABLE DATA; Schema: public; Owner: postgres
--

COPY public.nc_col_qrcode_v2 (id, fk_column_id, fk_qr_value_column_id, deleted, "order", created_at, updated_at) FROM stdin;
\.


--
-- Data for Name: nc_col_relations_v2; Type: TABLE DATA; Schema: public; Owner: postgres
--

COPY public.nc_col_relations_v2 (id, ref_db_alias, type, virtual, db_type, fk_column_id, fk_related_model_id, fk_child_column_id, fk_parent_column_id, fk_mm_model_id, fk_mm_child_column_id, fk_mm_parent_column_id, ur, dr, fk_index_name, deleted, created_at, updated_at) FROM stdin;
l5higkrah1y0xbr	\N	bt	t	\N	c25izx59h7m76xf	md1rpqsy3zyf7j4	cy1izl8xas82eq3	c1bgzeqi4vdlzfg	\N	\N	\N	\N	\N	\N	\N	2024-02-03 09:47:10+00	2024-02-03 09:47:10+00
lfv4kh49c80z55e	\N	hm	t	\N	cae1c9xxw7yahb3	miex0yatfcr9uct	cy1izl8xas82eq3	c1bgzeqi4vdlzfg	\N	\N	\N	\N	\N	\N	\N	2024-02-03 09:47:10+00	2024-02-03 09:47:10+00
lpmuich0hwjnxri	\N	bt	t	\N	c2son0wh4e2j6kz	mdoxs9fuu2uitwk	ci51ht0pykx6woe	ce94jktinalthsy	\N	\N	\N	\N	\N	\N	\N	2024-02-03 09:47:10+00	2024-02-03 09:47:10+00
la465y5y1l0le4s	\N	hm	t	\N	c8j9070gztrx08x	miex0yatfcr9uct	ci51ht0pykx6woe	ce94jktinalthsy	\N	\N	\N	\N	\N	\N	\N	2024-02-03 09:47:10+00	2024-02-03 09:47:10+00
lvrl1cm1mr5mpwb	\N	mm	t	\N	c7x2imoqgz6mgcu	mdoxs9fuu2uitwk	c1bgzeqi4vdlzfg	ce94jktinalthsy	miex0yatfcr9uct	cy1izl8xas82eq3	ci51ht0pykx6woe	\N	\N	\N	\N	2024-02-03 09:47:10+00	2024-02-03 09:47:10+00
l3zl9vkigezoexe	\N	mm	t	\N	cm12bkc7fecxi5v	md1rpqsy3zyf7j4	ce94jktinalthsy	c1bgzeqi4vdlzfg	miex0yatfcr9uct	ci51ht0pykx6woe	cy1izl8xas82eq3	\N	\N	\N	\N	2024-02-03 09:47:10+00	2024-02-03 09:47:10+00
lf27n0d1xb1grzg	\N	bt	t	\N	ca2h8bmutzg29vo	myzi8ry2u91yan3	cnck9x6s01suovm	cthxonbpox1rsca	\N	\N	\N	\N	\N	\N	\N	2024-02-03 09:48:28+00	2024-02-03 09:48:28+00
lbulk5aqw73nc93	\N	hm	t	\N	c6i2b9lgctwo6ju	mfve7346lou90ah	cnck9x6s01suovm	cthxonbpox1rsca	\N	\N	\N	\N	\N	\N	\N	2024-02-03 09:48:28+00	2024-02-03 09:48:28+00
ld115ewpy3c29oh	\N	bt	t	\N	c960cn5td585hgx	m1jynfeukwahr5p	c978oezl3nukk7q	cth66cx9r8wvur9	\N	\N	\N	\N	\N	\N	\N	2024-02-03 09:48:28+00	2024-02-03 09:48:28+00
ljqlqxg8ce6z7ua	\N	hm	t	\N	cspym2z5psi1bqq	mfve7346lou90ah	c978oezl3nukk7q	cth66cx9r8wvur9	\N	\N	\N	\N	\N	\N	\N	2024-02-03 09:48:28+00	2024-02-03 09:48:28+00
l5josf3of41v62o	\N	mm	t	\N	crmpdevwu6hf122	m1jynfeukwahr5p	cthxonbpox1rsca	cth66cx9r8wvur9	mfve7346lou90ah	cnck9x6s01suovm	c978oezl3nukk7q	\N	\N	\N	\N	2024-02-03 09:48:28+00	2024-02-03 09:48:28+00
lph5moizpgam4pr	\N	mm	t	\N	ct3blhllo17o8ew	myzi8ry2u91yan3	cth66cx9r8wvur9	cthxonbpox1rsca	mfve7346lou90ah	c978oezl3nukk7q	cnck9x6s01suovm	\N	\N	\N	\N	2024-02-03 09:48:28+00	2024-02-03 09:48:28+00
lqn59gm5tc3uy8y	\N	bt	t	\N	c94mu0de7jaowwn	myzi8ry2u91yan3	coqcza6dekvncty	cthxonbpox1rsca	\N	\N	\N	\N	\N	\N	\N	2024-02-03 09:48:50+00	2024-02-03 09:48:50+00
lvlirbbulc36lsz	\N	hm	t	\N	ctiwn65atzd8enk	m4jelc42pjwrtbk	coqcza6dekvncty	cthxonbpox1rsca	\N	\N	\N	\N	\N	\N	\N	2024-02-03 09:48:50+00	2024-02-03 09:48:50+00
l4l8flzb3eabpi1	\N	bt	t	\N	cdq4tdmn3s09usr	m1jynfeukwahr5p	cpycda4tq96wf17	cth66cx9r8wvur9	\N	\N	\N	\N	\N	\N	\N	2024-02-03 09:48:50+00	2024-02-03 09:48:50+00
l2ultp049am2qai	\N	hm	t	\N	c5q27j8xqu16e4h	m4jelc42pjwrtbk	cpycda4tq96wf17	cth66cx9r8wvur9	\N	\N	\N	\N	\N	\N	\N	2024-02-03 09:48:50+00	2024-02-03 09:48:50+00
l5kumi9z3seleo6	\N	mm	t	\N	cxwk51swwutag3f	m1jynfeukwahr5p	cthxonbpox1rsca	cth66cx9r8wvur9	m4jelc42pjwrtbk	coqcza6dekvncty	cpycda4tq96wf17	\N	\N	\N	\N	2024-02-03 09:48:50+00	2024-02-03 09:48:50+00
l49d6bum51bb4ix	\N	mm	t	\N	c3gvzsp7hp1mkah	myzi8ry2u91yan3	cth66cx9r8wvur9	cthxonbpox1rsca	m4jelc42pjwrtbk	cpycda4tq96wf17	coqcza6dekvncty	\N	\N	\N	\N	2024-02-03 09:48:50+00	2024-02-03 09:48:50+00
lr76p90hhaq7wbc	\N	bt	t	\N	ck3zqjvokp4w03h	m30p692bsgwk5eq	crrlncd61slpei9	cn1e11wdtz9wmj1	\N	\N	\N	\N	\N	\N	\N	2024-02-03 09:49:12+00	2024-02-03 09:49:12+00
l4yivjsuxed1moi	\N	hm	t	\N	cvod738usd6t2ik	mh9kiuq169j41g7	crrlncd61slpei9	cn1e11wdtz9wmj1	\N	\N	\N	\N	\N	\N	\N	2024-02-03 09:49:12+00	2024-02-03 09:49:12+00
lcbprw62csu0e18	\N	bt	t	\N	cos2cfgh210p0o0	mdoxs9fuu2uitwk	cm0l0ousqqgtza3	ce94jktinalthsy	\N	\N	\N	\N	\N	\N	\N	2024-02-03 09:49:12+00	2024-02-03 09:49:12+00
lwh0xaareq4kb6k	\N	hm	t	\N	clbel4cgndpe7lg	mh9kiuq169j41g7	cm0l0ousqqgtza3	ce94jktinalthsy	\N	\N	\N	\N	\N	\N	\N	2024-02-03 09:49:12+00	2024-02-03 09:49:12+00
lrqaf3gazww227d	\N	mm	t	\N	c3ohbowz156gn93	mdoxs9fuu2uitwk	cn1e11wdtz9wmj1	ce94jktinalthsy	mh9kiuq169j41g7	crrlncd61slpei9	cm0l0ousqqgtza3	\N	\N	\N	\N	2024-02-03 09:49:12+00	2024-02-03 09:49:12+00
lyhl3q1skmr9mnm	\N	mm	t	\N	cqdnukeesm7ts7q	m30p692bsgwk5eq	ce94jktinalthsy	cn1e11wdtz9wmj1	mh9kiuq169j41g7	cm0l0ousqqgtza3	crrlncd61slpei9	\N	\N	\N	\N	2024-02-03 09:49:12+00	2024-02-03 09:49:12+00
\.


--
-- Data for Name: nc_col_rollup_v2; Type: TABLE DATA; Schema: public; Owner: postgres
--

COPY public.nc_col_rollup_v2 (id, fk_column_id, fk_relation_column_id, fk_rollup_column_id, rollup_function, deleted, created_at, updated_at) FROM stdin;
\.


--
-- Data for Name: nc_col_select_options_v2; Type: TABLE DATA; Schema: public; Owner: postgres
--

COPY public.nc_col_select_options_v2 (id, fk_column_id, title, color, "order", created_at, updated_at) FROM stdin;
se9dk3btxnhvo0r	cebvkplto5ek43m	Public trust	#cfdffe	1	2024-02-02 22:47:09+00	2024-02-02 22:47:09+00
stb23x804mqxaqi	cebvkplto5ek43m	Tort law	#d0f1fd	2	2024-02-02 22:47:09+00	2024-02-02 22:47:09+00
sodxrrpnx9ma8vg	cebvkplto5ek43m	Droits humains	#c2f5e8	3	2024-02-02 22:47:09+00	2024-02-02 22:47:09+00
s3v8p1tis7lrcp4	cebvkplto5ek43m	Normes environnementales	#ffdaf6	4	2024-02-02 22:47:09+00	2024-02-02 22:47:09+00
swsjyvy364pfw1q	cebvkplto5ek43m	Droit civil	#ffdce5	5	2024-02-02 22:47:09+00	2024-02-02 22:47:09+00
sj81rek4rzgyztq	ce69aqn31pwdc95	Entreprise	#cfdffe	1	2024-02-02 22:56:50+00	2024-02-02 22:56:50+00
sax7id6d0zikfzf	ce69aqn31pwdc95	Etat	#d0f1fd	2	2024-02-02 22:56:50+00	2024-02-02 22:56:50+00
sfjuebbkewkfzys	ce69aqn31pwdc95	Organisation publique	#c2f5e8	3	2024-02-02 22:56:50+00	2024-02-02 22:56:50+00
s8mekltieyvyrta	ce69aqn31pwdc95	Association	#ffdaf6	4	2024-02-02 22:56:50+00	2024-02-02 22:56:50+00
s13mwhhoa3ahruh	ce69aqn31pwdc95	Particulier	#ffdce5	5	2024-02-02 22:56:50+00	2024-02-02 22:56:50+00
shbnrtbqujrh986	c5m4z3g2labm6rp	Climat	#cfdffe	1	2024-02-02 23:21:39+00	2024-02-02 23:21:39+00
szvdiz5aycsx9p0	c5m4z3g2labm6rp	Environnement	#d0f1fd	2	2024-02-02 23:21:39+00	2024-02-02 23:21:39+00
sxwhk83j2cssjkg	c5m4z3g2labm6rp	Climat/Environnement	#c2f5e8	3	2024-02-02 23:21:39+00	2024-02-02 23:21:39+00
su4quxjkwt4jlqg	c5m4z3g2labm6rp	Autre	#ffdaf6	4	2024-02-02 23:21:39+00	2024-02-02 23:21:39+00
se3skw09evqmms1	czzzxb4qtwef17e	En cours	#cfdffe	1	2024-02-02 23:21:51+00	2024-02-02 23:21:51+00
srx9cqlvjshbfh6	czzzxb4qtwef17e	Finie	#d0f1fd	2	2024-02-02 23:21:51+00	2024-02-02 23:21:51+00
sqj2pmtdveyvap7	czzzxb4qtwef17e	En appel	#c2f5e8	3	2024-02-02 23:21:51+00	2024-02-02 23:21:51+00
snf8p0n89db7h88	c1qd5123iq3hzoj	Fait	#cfdffe	1	2024-02-02 23:23:40+00	2024-02-02 23:23:40+00
snaqvdz6bs6u0j9	c1qd5123iq3hzoj	 dplacer	#d0f1fd	2	2024-02-02 23:23:40+00	2024-02-02 23:23:40+00
s064n5qwpkq88pi	c1qd5123iq3hzoj	 faire	#c2f5e8	3	2024-02-02 23:23:40+00	2024-02-02 23:23:40+00
suhewiw7bkd2720	c1qd5123iq3hzoj	En cours	#ffdaf6	4	2024-02-02 23:23:40+00	2024-02-02 23:23:40+00
sayhwtwfpidihi6	c1qd5123iq3hzoj	 actualiser	#ffdce5	5	2024-02-02 23:23:40+00	2024-02-02 23:23:40+00
sv9tiio8s294jq7	czqlsp5omvjmmfx	Dcision	#cfdffe	1	2024-02-03 09:43:53+00	2024-02-03 09:43:53+00
s1cj59tddcgfj9k	czqlsp5omvjmmfx	Ouvrage/Article	#d0f1fd	2	2024-02-03 09:43:53+00	2024-02-03 09:43:53+00
s7knbyq836cxklq	czqlsp5omvjmmfx	Newsletter	#c2f5e8	3	2024-02-03 09:43:53+00	2024-02-03 09:43:53+00
\.


--
-- Data for Name: nc_columns_v2; Type: TABLE DATA; Schema: public; Owner: postgres
--

COPY public.nc_columns_v2 (id, source_id, base_id, fk_model_id, title, column_name, uidt, dt, np, ns, clen, cop, pk, pv, rqd, un, ct, ai, "unique", cdf, cc, csn, dtx, dtxp, dtxs, au, validate, virtual, deleted, system, "order", created_at, updated_at, meta, description) FROM stdin;
cq7rpcz88inf7ps	b7h4beh25tf3z66	pku0f4n052lothp	m624pufz23o9lt7	Id	id	ID	integer	32	0	\N	1	t	\N	t	f	int(11)	t	\N	nextval('"nc_e7nm___Jurisdiction_id_seq"	\N	\N	integer	32	0	f	\N	\N	\N	f	1	2024-02-02 22:10:14+00	2024-02-02 22:10:14+00	\N	\N
ckkn0m4xgbw3m1e	b7h4beh25tf3z66	pku0f4n052lothp	m624pufz23o9lt7	CreatedAt	created_at	CreatedTime	timestamp without time zone	\N	\N	\N	3	f	\N	f	f	timestamp	f	\N	\N	\N	\N	timestamp without time zone	6	\N	f	\N	\N	\N	t	3	2024-02-02 22:10:14+00	2024-02-02 22:10:14+00	\N	\N
cp2dgqomnknbj14	b7h4beh25tf3z66	pku0f4n052lothp	m624pufz23o9lt7	UpdatedAt	updated_at	LastModifiedTime	timestamp without time zone	\N	\N	\N	4	f	\N	f	f	timestamp	f	\N	\N	\N	\N	timestamp without time zone	6	\N	f	\N	\N	\N	t	4	2024-02-02 22:10:14+00	2024-02-02 22:10:14+00	\N	\N
chjt3j75limszsc	b7h4beh25tf3z66	pku0f4n052lothp	m624pufz23o9lt7	nc_created_by	created_by	CreatedBy	character varying	\N	\N	\N	5	f	\N	f	f	\N	f	\N	\N	\N	\N	character varying	\N	\N	f	\N	\N	\N	t	5	2024-02-02 22:10:14+00	2024-02-02 22:10:14+00	\N	\N
cq2vf2u0n77bmeb	b7h4beh25tf3z66	pku0f4n052lothp	m624pufz23o9lt7	nc_updated_by	updated_by	LastModifiedBy	character varying	\N	\N	\N	6	f	\N	f	f	\N	f	\N	\N	\N	\N	character varying	\N	\N	f	\N	\N	\N	t	6	2024-02-02 22:10:14+00	2024-02-02 22:10:14+00	\N	\N
cywaxu5u1kj0t4o	b7h4beh25tf3z66	pku0f4n052lothp	m624pufz23o9lt7	Geolocation	Geolocation	SingleLineText	character varying	\N	\N	\N	7	f	\N	f	f	varchar(45)	f	\N	\N	\N	\N	character varying	\N	\N	f	\N	\N	\N	f	\N	2024-02-02 22:10:32+00	2024-02-02 22:10:32+00	{}	\N
cfktvg4j16aqm5o	b7h4beh25tf3z66	pku0f4n052lothp	m624pufz23o9lt7	JurisdictionUrl	JurisdictionUrl	SingleLineText	character varying	\N	\N	\N	8	f	\N	f	f	varchar(45)	f	\N	\N	\N	\N	character varying	\N	\N	f	\N	\N	\N	f	\N	2024-02-02 22:10:40+00	2024-02-02 22:10:40+00	{}	\N
c7xijjq4p8fmjgb	b7h4beh25tf3z66	pku0f4n052lothp	m624pufz23o9lt7	Scope	Scope	SingleLineText	character varying	\N	\N	\N	9	f	\N	f	f	varchar(45)	f	\N	\N	\N	\N	character varying	\N	\N	f	\N	\N	\N	f	\N	2024-02-02 22:10:45+00	2024-02-02 22:10:45+00	{}	\N
c0isnydt0yzhcoh	b7h4beh25tf3z66	pku0f4n052lothp	myzi8ry2u91yan3	CreatedAt	created_at	CreatedTime	timestamp without time zone	\N	\N	\N	3	f	\N	f	f	timestamp	f	\N	\N	\N	\N	timestamp without time zone	6	\N	f	\N	\N	\N	t	3	2024-02-02 22:35:49+00	2024-02-02 22:35:49+00	\N	\N
cn1e11wdtz9wmj1	b7h4beh25tf3z66	pku0f4n052lothp	m30p692bsgwk5eq	Id	id	ID	integer	32	0	\N	1	t	\N	t	f	int(11)	t	\N	nextval('"nc_e7nm___Ground_id_seq"	\N	\N	integer	32	0	f	\N	\N	\N	f	1	2024-02-02 22:11:27+00	2024-02-02 22:11:27+00	\N	\N
cw9du34vo3da09r	b7h4beh25tf3z66	pku0f4n052lothp	m30p692bsgwk5eq	CreatedAt	created_at	CreatedTime	timestamp without time zone	\N	\N	\N	3	f	\N	f	f	timestamp	f	\N	\N	\N	\N	timestamp without time zone	6	\N	f	\N	\N	\N	t	3	2024-02-02 22:11:27+00	2024-02-02 22:11:27+00	\N	\N
c4ubnigsd19k83q	b7h4beh25tf3z66	pku0f4n052lothp	m30p692bsgwk5eq	UpdatedAt	updated_at	LastModifiedTime	timestamp without time zone	\N	\N	\N	4	f	\N	f	f	timestamp	f	\N	\N	\N	\N	timestamp without time zone	6	\N	f	\N	\N	\N	t	4	2024-02-02 22:11:27+00	2024-02-02 22:11:27+00	\N	\N
cti2xw3vx0tm557	b7h4beh25tf3z66	pku0f4n052lothp	m30p692bsgwk5eq	nc_created_by	created_by	CreatedBy	character varying	\N	\N	\N	5	f	\N	f	f	\N	f	\N	\N	\N	\N	character varying	\N	\N	f	\N	\N	\N	t	5	2024-02-02 22:11:27+00	2024-02-02 22:11:27+00	\N	\N
c4erszag8cy4us9	b7h4beh25tf3z66	pku0f4n052lothp	m30p692bsgwk5eq	nc_updated_by	updated_by	LastModifiedBy	character varying	\N	\N	\N	6	f	\N	f	f	\N	f	\N	\N	\N	\N	character varying	\N	\N	f	\N	\N	\N	t	6	2024-02-02 22:11:27+00	2024-02-02 22:11:27+00	\N	\N
cc3nebv2n7ddq4g	b7h4beh25tf3z66	pku0f4n052lothp	myzi8ry2u91yan3	UpdatedAt	updated_at	LastModifiedTime	timestamp without time zone	\N	\N	\N	4	f	\N	f	f	timestamp	f	\N	\N	\N	\N	timestamp without time zone	6	\N	f	\N	\N	\N	t	4	2024-02-02 22:35:49+00	2024-02-02 22:35:49+00	\N	\N
cg997344br02v2v	b7h4beh25tf3z66	pku0f4n052lothp	m1jynfeukwahr5p	CreatedAt	created_at	CreatedTime	timestamp without time zone	\N	\N	\N	3	f	\N	f	f	timestamp	f	\N	\N	\N	\N	timestamp without time zone	6	\N	f	\N	\N	\N	t	3	2024-02-02 23:00:41+00	2024-02-02 23:00:41+00	\N	\N
cthxonbpox1rsca	b7h4beh25tf3z66	pku0f4n052lothp	myzi8ry2u91yan3	Id	id	ID	integer	32	0	\N	1	t	\N	t	f	int(11)	t	\N	nextval('"nc_e7nm___Agent_id_seq"	\N	\N	integer	32	0	f	\N	\N	\N	f	1	2024-02-02 22:35:49+00	2024-02-02 22:35:49+00	\N	\N
crlvx6ztomytk90	b7h4beh25tf3z66	pku0f4n052lothp	myzi8ry2u91yan3	nc_created_by	created_by	CreatedBy	character varying	\N	\N	\N	5	f	\N	f	f	\N	f	\N	\N	\N	\N	character varying	\N	\N	f	\N	\N	\N	t	5	2024-02-02 22:35:49+00	2024-02-02 22:35:49+00	\N	\N
cdyy197pflbulfz	b7h4beh25tf3z66	pku0f4n052lothp	myzi8ry2u91yan3	nc_updated_by	updated_by	LastModifiedBy	character varying	\N	\N	\N	6	f	\N	f	f	\N	f	\N	\N	\N	\N	character varying	\N	\N	f	\N	\N	\N	t	6	2024-02-02 22:35:49+00	2024-02-02 22:35:49+00	\N	\N
ckfqazfe0qna3ku	b7h4beh25tf3z66	pku0f4n052lothp	m1jynfeukwahr5p	UpdatedAt	updated_at	LastModifiedTime	timestamp without time zone	\N	\N	\N	4	f	\N	f	f	timestamp	f	\N	\N	\N	\N	timestamp without time zone	6	\N	f	\N	\N	\N	t	4	2024-02-02 23:00:41+00	2024-02-02 23:00:41+00	\N	\N
cqemcak8slq1ltw	b7h4beh25tf3z66	pku0f4n052lothp	m1jynfeukwahr5p	nc_created_by	created_by	CreatedBy	character varying	\N	\N	\N	5	f	\N	f	f	\N	f	\N	\N	\N	\N	character varying	\N	\N	f	\N	\N	\N	t	5	2024-02-02 23:00:41+00	2024-02-02 23:00:41+00	\N	\N
ckh8g69mr3iwevo	b7h4beh25tf3z66	pku0f4n052lothp	m1jynfeukwahr5p	nc_updated_by	updated_by	LastModifiedBy	character varying	\N	\N	\N	6	f	\N	f	f	\N	f	\N	\N	\N	\N	character varying	\N	\N	f	\N	\N	\N	t	6	2024-02-02 23:00:41+00	2024-02-02 23:00:41+00	\N	\N
c802zlw8c0jnx9a	b7h4beh25tf3z66	pku0f4n052lothp	myzi8ry2u91yan3	Name	Name	SingleLineText	character varying	\N	\N	\N	2	f	t	t	f	varchar(45)	f	\N	\N	\N	\N	character varying	\N	\N	f		\N	\N	f	2	2024-02-02 22:35:49+00	2024-02-02 22:42:15+00	\N	\N
czg4dk04ngvls8v	b7h4beh25tf3z66	pku0f4n052lothp	m30p692bsgwk5eq	Name	Name	SingleLineText	character varying	\N	\N	\N	2	f	t	t	f	varchar(45)	f	\N	\N	\N	\N	specificType	\N	\N	f		\N	\N	f	2	2024-02-02 22:11:27+00	2024-02-02 22:46:51+00	\N	\N
cebvkplto5ek43m	b7h4beh25tf3z66	pku0f4n052lothp	m30p692bsgwk5eq	Type de fondement	Type_de_fondement	SingleSelect	text	\N	\N	\N	8	f	\N	t	f	\N	f	\N	\N	\N	\N	text	'Public trust','Tort law','Droits humains','Normes environnementales','Droit civil'	\N	f		\N	\N	f	\N	2024-02-02 22:33:53+00	2024-02-02 22:47:09+00	{}	\N
c08vraofchm7cg8	b7h4beh25tf3z66	pku0f4n052lothp	m624pufz23o9lt7	Name	Name	SingleLineText	character varying	\N	\N	\N	2	f	t	t	f	varchar(45)	f	\N	\N	\N	\N	character varying	\N	\N	f		\N	\N	f	2	2024-02-02 22:10:14+00	2024-02-02 22:48:59+00	\N	\N
cqoh7sz6qx4t5lr	b7h4beh25tf3z66	pku0f4n052lothp	myzi8ry2u91yan3	AgentUrl	AgentUrl	SingleLineText	character varying	\N	\N	\N	7	f	\N	f	f	varchar(45)	f	\N	\N	\N	\N	character varying	\N	\N	f	\N	\N	\N	f	\N	2024-02-02 22:51:33+00	2024-02-02 22:51:33+00	{}	\N
ck5x8cpvaajxzl3	b7h4beh25tf3z66	pku0f4n052lothp	myzi8ry2u91yan3	Description	Description	LongText	text	\N	\N	\N	8	f	\N	f	f	\N	f	\N	\N	\N	\N	text	\N	\N	f	\N	\N	\N	f	\N	2024-02-02 22:51:41+00	2024-02-02 22:51:41+00	{}	\N
ce69aqn31pwdc95	b7h4beh25tf3z66	pku0f4n052lothp	myzi8ry2u91yan3	AgentType	AgentType	SingleSelect	text	\N	\N	\N	9	f	\N	f	f	\N	f	\N	\N	\N	\N	text	'Entreprise','Etat','Organisation publique','Association','Particulier'	\N	f		\N	\N	f	\N	2024-02-02 22:52:25+00	2024-02-02 22:56:50+00	{}	\N
cth66cx9r8wvur9	b7h4beh25tf3z66	pku0f4n052lothp	m1jynfeukwahr5p	Id	id	ID	integer	32	0	\N	1	t	\N	t	f	int(11)	t	\N	nextval('"nc_e7nm___Case_id_seq"	\N	\N	integer	32	0	f	\N	\N	\N	f	1	2024-02-02 23:00:41+00	2024-02-02 23:00:41+00	\N	\N
cjzilol0cye6n89	b7h4beh25tf3z66	pku0f4n052lothp	m1jynfeukwahr5p	Title	title	SingleLineText	character varying	\N	\N	\N	2	f	t	t	f	varchar(45)	f	\N	\N	\N	\N	character varying	\N	\N	f		\N	\N	f	2	2024-02-02 23:00:41+00	2024-02-02 23:00:54+00	\N	\N
ci595sas9flji2n	b7h4beh25tf3z66	pku0f4n052lothp	m1jynfeukwahr5p	FactsDigest	FactsDigest	LongText	text	\N	\N	\N	7	f	\N	f	f	\N	f	\N	\N	\N	\N	text	\N	\N	f	\N	\N	\N	f	\N	2024-02-02 23:01:06+00	2024-02-02 23:01:06+00	{}	\N
cmv0umr08jm9238	b7h4beh25tf3z66	pku0f4n052lothp	m1jynfeukwahr5p	FactsDate	FactsDate	Date	date	\N	\N	\N	8	f	\N	f	f	\N	f	\N	\N	\N	\N	date	0	\N	f	\N	\N	\N	f	\N	2024-02-02 23:01:22+00	2024-02-02 23:01:22+00	{"date_format":"DD-MM-YYYY"}	\N
ci7ck15l7puc0wt	b7h4beh25tf3z66	pku0f4n052lothp	m1jynfeukwahr5p	GoogleDriveFolder	GoogleDriveFolder	URL	character varying	\N	\N	\N	9	f	\N	f	f	\N	f	\N	\N	\N	\N	character varying	\N	\N	f	{"func":["isURL"],"args":[""],"msg":["Validation failed : isURL"]}	\N	\N	f	\N	2024-02-02 23:02:02+00	2024-02-02 23:02:02+00	{}	\N
czzzxb4qtwef17e	b7h4beh25tf3z66	pku0f4n052lothp	m1jynfeukwahr5p	CaseStatus	CaseStatus	SingleSelect	text	\N	\N	\N	10	f	\N	f	f	\N	f	\N	\N	\N	\N	text	'En cours','Finie','En appel'	\N	f		\N	\N	f	\N	2024-02-02 23:02:17+00	2024-02-02 23:21:51+00	{}	\N
c5m4z3g2labm6rp	b7h4beh25tf3z66	pku0f4n052lothp	m1jynfeukwahr5p	AppealType	AppealType	SingleSelect	text	\N	\N	\N	11	f	\N	f	f	\N	f	\N	\N	\N	\N	text	'Climat','Environnement','Climat/Environnement','Autre'	\N	f		\N	\N	f	\N	2024-02-02 23:02:35+00	2024-02-02 23:21:39+00	{}	\N
c1qd5123iq3hzoj	b7h4beh25tf3z66	pku0f4n052lothp	m1jynfeukwahr5p	Avancement	Avancement	SingleSelect	text	\N	\N	\N	12	f	\N	f	f	\N	f	\N	\N	\N	\N	text	'Fait',' dplacer',' faire','En cours',' actualiser'	\N	f		\N	\N	f	\N	2024-02-02 23:23:04+00	2024-02-02 23:23:40+00	{}	\N
ce94jktinalthsy	b7h4beh25tf3z66	pku0f4n052lothp	mdoxs9fuu2uitwk	Id	id	ID	integer	32	0	\N	1	t	\N	t	f	int(11)	t	\N	nextval('"nc_e7nm___Decision_id_seq"	\N	\N	integer	32	0	f	\N	\N	\N	f	1	2024-02-03 09:34:59+00	2024-02-03 09:34:59+00	\N	\N
cwey9qxnlfgaesf	b7h4beh25tf3z66	pku0f4n052lothp	mdoxs9fuu2uitwk	CreatedAt	created_at	CreatedTime	timestamp without time zone	\N	\N	\N	3	f	\N	f	f	timestamp	f	\N	\N	\N	\N	timestamp without time zone	6	\N	f	\N	\N	\N	t	3	2024-02-03 09:34:59+00	2024-02-03 09:34:59+00	\N	\N
cyk35ba250ur8og	b7h4beh25tf3z66	pku0f4n052lothp	mdoxs9fuu2uitwk	UpdatedAt	updated_at	LastModifiedTime	timestamp without time zone	\N	\N	\N	4	f	\N	f	f	timestamp	f	\N	\N	\N	\N	timestamp without time zone	6	\N	f	\N	\N	\N	t	4	2024-02-03 09:34:59+00	2024-02-03 09:34:59+00	\N	\N
c986shj8s1gbpbn	b7h4beh25tf3z66	pku0f4n052lothp	mdoxs9fuu2uitwk	nc_created_by	created_by	CreatedBy	character varying	\N	\N	\N	5	f	\N	f	f	\N	f	\N	\N	\N	\N	character varying	\N	\N	f	\N	\N	\N	t	5	2024-02-03 09:34:59+00	2024-02-03 09:34:59+00	\N	\N
c4j7vh3cjmtelr5	b7h4beh25tf3z66	pku0f4n052lothp	mdoxs9fuu2uitwk	nc_updated_by	updated_by	LastModifiedBy	character varying	\N	\N	\N	6	f	\N	f	f	\N	f	\N	\N	\N	\N	character varying	\N	\N	f	\N	\N	\N	t	6	2024-02-03 09:34:59+00	2024-02-03 09:34:59+00	\N	\N
cyrl6k5rtv3louj	b7h4beh25tf3z66	pku0f4n052lothp	mdoxs9fuu2uitwk	Abstract	Abstract	SingleLineText	character varying	\N	\N	\N	2	f	t	f	f	varchar(45)	f	\N	\N	\N	\N	character varying	\N	\N	f		\N	\N	f	2	2024-02-03 09:34:59+00	2024-02-03 09:35:13+00	\N	\N
cyi1n812psa4qkb	b7h4beh25tf3z66	pku0f4n052lothp	mdoxs9fuu2uitwk	IntroductionDate	IntroductionDate	Date	date	\N	\N	\N	7	f	\N	f	f	\N	f	\N	\N	\N	\N	date	0	\N	f	\N	\N	\N	f	\N	2024-02-03 09:35:27+00	2024-02-03 09:35:27+00	{"date_format":"DD-MM-YYYY"}	\N
cvu2413lrhjeyqy	b7h4beh25tf3z66	pku0f4n052lothp	mdoxs9fuu2uitwk	DecisionDate	DecisionDate	Date	date	\N	\N	\N	8	f	\N	f	f	\N	f	\N	\N	\N	\N	date	0	\N	f	\N	\N	\N	f	\N	2024-02-03 09:35:54+00	2024-02-03 09:35:54+00	{"date_format":"DD-MM-YYYY"}	\N
ce1x0s9f7h9wi15	b7h4beh25tf3z66	pku0f4n052lothp	mdoxs9fuu2uitwk	Comment	Comment	LongText	text	\N	\N	\N	10	f	\N	f	f	\N	f	\N	\N	\N	\N	text	\N	\N	f	\N	\N	\N	f	\N	2024-02-03 09:36:32+00	2024-02-03 09:36:32+00	{"richMode":true}	\N
cbv2dx16q2ft7s3	b7h4beh25tf3z66	pku0f4n052lothp	mdoxs9fuu2uitwk	Solution	Solution	LongText	text	\N	\N	\N	9	f	\N	f	f	\N	f	\N	\N	\N	\N	text	\N	\N	f		\N	\N	f	\N	2024-02-03 09:36:22+00	2024-02-03 09:36:37+00	{"richMode":true}	\N
c1bgzeqi4vdlzfg	b7h4beh25tf3z66	pku0f4n052lothp	md1rpqsy3zyf7j4	Id	id	ID	integer	32	0	\N	1	t	\N	t	f	int(11)	t	\N	nextval('"nc_e7nm___Resource_id_seq"	\N	\N	integer	32	0	f	\N	\N	\N	f	1	2024-02-03 09:43:08+00	2024-02-03 09:43:08+00	\N	\N
cza4y8wwrsaytbh	b7h4beh25tf3z66	pku0f4n052lothp	md1rpqsy3zyf7j4	CreatedAt	created_at	CreatedTime	timestamp without time zone	\N	\N	\N	3	f	\N	f	f	timestamp	f	\N	\N	\N	\N	timestamp without time zone	6	\N	f	\N	\N	\N	t	3	2024-02-03 09:43:08+00	2024-02-03 09:43:08+00	\N	\N
c3xrtxckc3wtbfa	b7h4beh25tf3z66	pku0f4n052lothp	md1rpqsy3zyf7j4	UpdatedAt	updated_at	LastModifiedTime	timestamp without time zone	\N	\N	\N	4	f	\N	f	f	timestamp	f	\N	\N	\N	\N	timestamp without time zone	6	\N	f	\N	\N	\N	t	4	2024-02-03 09:43:08+00	2024-02-03 09:43:08+00	\N	\N
cke5oiv6gnwg2o2	b7h4beh25tf3z66	pku0f4n052lothp	md1rpqsy3zyf7j4	nc_created_by	created_by	CreatedBy	character varying	\N	\N	\N	5	f	\N	f	f	\N	f	\N	\N	\N	\N	character varying	\N	\N	f	\N	\N	\N	t	5	2024-02-03 09:43:08+00	2024-02-03 09:43:08+00	\N	\N
cn8fxbluabrok64	b7h4beh25tf3z66	pku0f4n052lothp	md1rpqsy3zyf7j4	nc_updated_by	updated_by	LastModifiedBy	character varying	\N	\N	\N	6	f	\N	f	f	\N	f	\N	\N	\N	\N	character varying	\N	\N	f	\N	\N	\N	t	6	2024-02-03 09:43:08+00	2024-02-03 09:43:08+00	\N	\N
ca7t93h7twopn8w	b7h4beh25tf3z66	pku0f4n052lothp	md1rpqsy3zyf7j4	Url	Url	URL	character varying	\N	\N	\N	7	f	\N	f	f	varchar(45)	f	\N	\N	\N	\N	specificType	\N	\N	f	{"func":["isURL"],"args":[""],"msg":["Validation failed : isURL"]}	\N	\N	f	\N	2024-02-03 09:43:19+00	2024-02-03 09:43:29+00	{}	\N
czqlsp5omvjmmfx	b7h4beh25tf3z66	pku0f4n052lothp	md1rpqsy3zyf7j4	ResourceType	ResourceType	SingleSelect	text	\N	\N	\N	8	f	\N	f	f	\N	f	\N	\N	\N	\N	text	'Dcision','Ouvrage/Article','Newsletter'	\N	f	\N	\N	\N	f	\N	2024-02-03 09:43:53+00	2024-02-03 09:43:53+00	{}	\N
cjt6f529atzxa0x	b7h4beh25tf3z66	pku0f4n052lothp	md1rpqsy3zyf7j4	Name	Name	SingleLineText	character varying	\N	\N	\N	2	f	t	t	f	varchar(45)	f	\N	\N	\N	\N	character varying	\N	\N	f		\N	\N	f	2	2024-02-03 09:43:08+00	2024-02-03 09:46:01+00	\N	\N
cy1izl8xas82eq3	b7h4beh25tf3z66	pku0f4n052lothp	miex0yatfcr9uct	table2_id	table2_id	ForeignKey	integer	\N	\N	\N	\N	t	\N	t	f	\N	f	\N	\N	\N	\N	\N	32	0	\N	\N	\N	\N	f	\N	2024-02-03 09:47:10+00	2024-02-03 09:47:10+00	\N	\N
ci51ht0pykx6woe	b7h4beh25tf3z66	pku0f4n052lothp	miex0yatfcr9uct	table1_id	table1_id	ForeignKey	integer	\N	\N	\N	\N	t	\N	t	f	\N	f	\N	\N	\N	\N	\N	32	0	\N	\N	\N	\N	f	\N	2024-02-03 09:47:10+00	2024-02-03 09:47:10+00	\N	\N
c25izx59h7m76xf	b7h4beh25tf3z66	pku0f4n052lothp	miex0yatfcr9uct	Resource	\N	LinkToAnotherRecord	\N	\N	\N	\N	\N	\N	\N	\N	\N	\N	\N	\N	\N	\N	\N	\N	\N	\N	\N	\N	\N	\N	t	\N	2024-02-03 09:47:10+00	2024-02-03 09:47:10+00	\N	\N
cae1c9xxw7yahb3	b7h4beh25tf3z66	pku0f4n052lothp	md1rpqsy3zyf7j4	nc_e7nm___nc_m2m_007mhrmiats	\N	LinkToAnotherRecord	\N	\N	\N	\N	\N	\N	\N	\N	\N	\N	\N	\N	\N	\N	\N	\N	\N	\N	\N	\N	\N	\N	t	\N	2024-02-03 09:47:10+00	2024-02-03 09:47:10+00	{"plural":"nc_e7nm___nc_m2m_007mhrmiats","singular":"nc_e7nm___nc_m2m_007mhrmiat"}	\N
c2son0wh4e2j6kz	b7h4beh25tf3z66	pku0f4n052lothp	miex0yatfcr9uct	Decision	\N	LinkToAnotherRecord	\N	\N	\N	\N	\N	\N	\N	\N	\N	\N	\N	\N	\N	\N	\N	\N	\N	\N	\N	\N	\N	\N	t	\N	2024-02-03 09:47:10+00	2024-02-03 09:47:10+00	\N	\N
c8j9070gztrx08x	b7h4beh25tf3z66	pku0f4n052lothp	mdoxs9fuu2uitwk	nc_e7nm___nc_m2m_007mhrmiats	\N	LinkToAnotherRecord	\N	\N	\N	\N	\N	\N	\N	\N	\N	\N	\N	\N	\N	\N	\N	\N	\N	\N	\N	\N	\N	\N	t	\N	2024-02-03 09:47:10+00	2024-02-03 09:47:10+00	{"plural":"nc_e7nm___nc_m2m_007mhrmiats","singular":"nc_e7nm___nc_m2m_007mhrmiat"}	\N
c7x2imoqgz6mgcu	b7h4beh25tf3z66	pku0f4n052lothp	md1rpqsy3zyf7j4	Decisions	\N	Links	\N	\N	\N	\N	\N	\N	\N	\N	\N	\N	\N	\N	\N	\N	\N	\N	\N	\N	\N	\N	\N	\N	f	\N	2024-02-03 09:47:10+00	2024-02-03 09:47:10+00	{"plural":"Decisions","singular":"Decision"}	\N
cm12bkc7fecxi5v	b7h4beh25tf3z66	pku0f4n052lothp	mdoxs9fuu2uitwk	Resource	\N	Links	\N	\N	\N	\N	\N	\N	\N	\N	\N	\N	\N	\N	\N	\N	\N	\N	\N	\N	\N	\N	\N	\N	f	\N	2024-02-03 09:47:10+00	2024-02-03 09:47:10+00	{"plural":"Resources","singular":"Resource"}	\N
cnck9x6s01suovm	b7h4beh25tf3z66	pku0f4n052lothp	mfve7346lou90ah	table2_id	table2_id	ForeignKey	integer	\N	\N	\N	\N	t	\N	t	f	\N	f	\N	\N	\N	\N	\N	32	0	\N	\N	\N	\N	f	\N	2024-02-03 09:48:28+00	2024-02-03 09:48:28+00	\N	\N
c978oezl3nukk7q	b7h4beh25tf3z66	pku0f4n052lothp	mfve7346lou90ah	table1_id	table1_id	ForeignKey	integer	\N	\N	\N	\N	t	\N	t	f	\N	f	\N	\N	\N	\N	\N	32	0	\N	\N	\N	\N	f	\N	2024-02-03 09:48:28+00	2024-02-03 09:48:28+00	\N	\N
ca2h8bmutzg29vo	b7h4beh25tf3z66	pku0f4n052lothp	mfve7346lou90ah	Agent	\N	LinkToAnotherRecord	\N	\N	\N	\N	\N	\N	\N	\N	\N	\N	\N	\N	\N	\N	\N	\N	\N	\N	\N	\N	\N	\N	t	\N	2024-02-03 09:48:28+00	2024-02-03 09:48:28+00	\N	\N
c6i2b9lgctwo6ju	b7h4beh25tf3z66	pku0f4n052lothp	myzi8ry2u91yan3	nc_e7nm___nc_m2m_q863b2oj_is	\N	LinkToAnotherRecord	\N	\N	\N	\N	\N	\N	\N	\N	\N	\N	\N	\N	\N	\N	\N	\N	\N	\N	\N	\N	\N	\N	t	\N	2024-02-03 09:48:28+00	2024-02-03 09:48:28+00	{"plural":"nc_e7nm___nc_m2m_q863b2oj_is","singular":"nc_e7nm___nc_m2m_q863b2oj_i"}	\N
c960cn5td585hgx	b7h4beh25tf3z66	pku0f4n052lothp	mfve7346lou90ah	Case	\N	LinkToAnotherRecord	\N	\N	\N	\N	\N	\N	\N	\N	\N	\N	\N	\N	\N	\N	\N	\N	\N	\N	\N	\N	\N	\N	t	\N	2024-02-03 09:48:28+00	2024-02-03 09:48:28+00	\N	\N
cspym2z5psi1bqq	b7h4beh25tf3z66	pku0f4n052lothp	m1jynfeukwahr5p	nc_e7nm___nc_m2m_q863b2oj_is	\N	LinkToAnotherRecord	\N	\N	\N	\N	\N	\N	\N	\N	\N	\N	\N	\N	\N	\N	\N	\N	\N	\N	\N	\N	\N	\N	t	\N	2024-02-03 09:48:28+00	2024-02-03 09:48:28+00	{"plural":"nc_e7nm___nc_m2m_q863b2oj_is","singular":"nc_e7nm___nc_m2m_q863b2oj_i"}	\N
crmpdevwu6hf122	b7h4beh25tf3z66	pku0f4n052lothp	myzi8ry2u91yan3	Cases	\N	Links	\N	\N	\N	\N	\N	\N	\N	\N	\N	\N	\N	\N	\N	\N	\N	\N	\N	\N	\N	\N	\N	\N	f	\N	2024-02-03 09:48:28+00	2024-02-03 09:48:28+00	{"plural":"Cases","singular":"Case"}	\N
ct3blhllo17o8ew	b7h4beh25tf3z66	pku0f4n052lothp	m1jynfeukwahr5p	Complainants	\N	Links	\N	\N	\N	\N	\N	\N	\N	\N	\N	\N	\N	\N	\N	\N	\N	\N	\N	\N	\N	\N	\N	\N	f	\N	2024-02-03 09:48:28+00	2024-02-03 09:48:28+00	{"plural":"Agents","singular":"Agent"}	\N
coqcza6dekvncty	b7h4beh25tf3z66	pku0f4n052lothp	m4jelc42pjwrtbk	table2_id	table2_id	ForeignKey	integer	\N	\N	\N	\N	t	\N	t	f	\N	f	\N	\N	\N	\N	\N	32	0	\N	\N	\N	\N	f	\N	2024-02-03 09:48:50+00	2024-02-03 09:48:50+00	\N	\N
cpycda4tq96wf17	b7h4beh25tf3z66	pku0f4n052lothp	m4jelc42pjwrtbk	table1_id	table1_id	ForeignKey	integer	\N	\N	\N	\N	t	\N	t	f	\N	f	\N	\N	\N	\N	\N	32	0	\N	\N	\N	\N	f	\N	2024-02-03 09:48:50+00	2024-02-03 09:48:50+00	\N	\N
c94mu0de7jaowwn	b7h4beh25tf3z66	pku0f4n052lothp	m4jelc42pjwrtbk	Agent	\N	LinkToAnotherRecord	\N	\N	\N	\N	\N	\N	\N	\N	\N	\N	\N	\N	\N	\N	\N	\N	\N	\N	\N	\N	\N	\N	t	\N	2024-02-03 09:48:50+00	2024-02-03 09:48:50+00	\N	\N
ctiwn65atzd8enk	b7h4beh25tf3z66	pku0f4n052lothp	myzi8ry2u91yan3	nc_e7nm___nc_m2m_151ol2lo7as	\N	LinkToAnotherRecord	\N	\N	\N	\N	\N	\N	\N	\N	\N	\N	\N	\N	\N	\N	\N	\N	\N	\N	\N	\N	\N	\N	t	\N	2024-02-03 09:48:50+00	2024-02-03 09:48:50+00	{"plural":"nc_e7nm___nc_m2m_151ol2lo7as","singular":"nc_e7nm___nc_m2m_151ol2lo7a"}	\N
cdq4tdmn3s09usr	b7h4beh25tf3z66	pku0f4n052lothp	m4jelc42pjwrtbk	Case	\N	LinkToAnotherRecord	\N	\N	\N	\N	\N	\N	\N	\N	\N	\N	\N	\N	\N	\N	\N	\N	\N	\N	\N	\N	\N	\N	t	\N	2024-02-03 09:48:50+00	2024-02-03 09:48:50+00	\N	\N
c5q27j8xqu16e4h	b7h4beh25tf3z66	pku0f4n052lothp	m1jynfeukwahr5p	nc_e7nm___nc_m2m_151ol2lo7as	\N	LinkToAnotherRecord	\N	\N	\N	\N	\N	\N	\N	\N	\N	\N	\N	\N	\N	\N	\N	\N	\N	\N	\N	\N	\N	\N	t	\N	2024-02-03 09:48:50+00	2024-02-03 09:48:50+00	{"plural":"nc_e7nm___nc_m2m_151ol2lo7as","singular":"nc_e7nm___nc_m2m_151ol2lo7a"}	\N
cxwk51swwutag3f	b7h4beh25tf3z66	pku0f4n052lothp	myzi8ry2u91yan3	Cases1	\N	Links	\N	\N	\N	\N	\N	\N	\N	\N	\N	\N	\N	\N	\N	\N	\N	\N	\N	\N	\N	\N	\N	\N	f	\N	2024-02-03 09:48:50+00	2024-02-03 09:48:50+00	{"plural":"Cases","singular":"Case"}	\N
c3gvzsp7hp1mkah	b7h4beh25tf3z66	pku0f4n052lothp	m1jynfeukwahr5p	ComplainantRecipients	\N	Links	\N	\N	\N	\N	\N	\N	\N	\N	\N	\N	\N	\N	\N	\N	\N	\N	\N	\N	\N	\N	\N	\N	f	\N	2024-02-03 09:48:50+00	2024-02-03 09:48:50+00	{"plural":"Agents","singular":"Agent"}	\N
crrlncd61slpei9	b7h4beh25tf3z66	pku0f4n052lothp	mh9kiuq169j41g7	table2_id	table2_id	ForeignKey	integer	\N	\N	\N	\N	t	\N	t	f	\N	f	\N	\N	\N	\N	\N	32	0	\N	\N	\N	\N	f	\N	2024-02-03 09:49:12+00	2024-02-03 09:49:12+00	\N	\N
cm0l0ousqqgtza3	b7h4beh25tf3z66	pku0f4n052lothp	mh9kiuq169j41g7	table1_id	table1_id	ForeignKey	integer	\N	\N	\N	\N	t	\N	t	f	\N	f	\N	\N	\N	\N	\N	32	0	\N	\N	\N	\N	f	\N	2024-02-03 09:49:12+00	2024-02-03 09:49:12+00	\N	\N
ck3zqjvokp4w03h	b7h4beh25tf3z66	pku0f4n052lothp	mh9kiuq169j41g7	Ground	\N	LinkToAnotherRecord	\N	\N	\N	\N	\N	\N	\N	\N	\N	\N	\N	\N	\N	\N	\N	\N	\N	\N	\N	\N	\N	\N	t	\N	2024-02-03 09:49:12+00	2024-02-03 09:49:12+00	\N	\N
cvod738usd6t2ik	b7h4beh25tf3z66	pku0f4n052lothp	m30p692bsgwk5eq	nc_e7nm___nc_m2m_7hb1yhahw5s	\N	LinkToAnotherRecord	\N	\N	\N	\N	\N	\N	\N	\N	\N	\N	\N	\N	\N	\N	\N	\N	\N	\N	\N	\N	\N	\N	t	\N	2024-02-03 09:49:12+00	2024-02-03 09:49:12+00	{"plural":"nc_e7nm___nc_m2m_7hb1yhahw5s","singular":"nc_e7nm___nc_m2m_7hb1yhahw5"}	\N
cos2cfgh210p0o0	b7h4beh25tf3z66	pku0f4n052lothp	mh9kiuq169j41g7	Decision	\N	LinkToAnotherRecord	\N	\N	\N	\N	\N	\N	\N	\N	\N	\N	\N	\N	\N	\N	\N	\N	\N	\N	\N	\N	\N	\N	t	\N	2024-02-03 09:49:12+00	2024-02-03 09:49:12+00	\N	\N
clbel4cgndpe7lg	b7h4beh25tf3z66	pku0f4n052lothp	mdoxs9fuu2uitwk	nc_e7nm___nc_m2m_7hb1yhahw5s	\N	LinkToAnotherRecord	\N	\N	\N	\N	\N	\N	\N	\N	\N	\N	\N	\N	\N	\N	\N	\N	\N	\N	\N	\N	\N	\N	t	\N	2024-02-03 09:49:12+00	2024-02-03 09:49:12+00	{"plural":"nc_e7nm___nc_m2m_7hb1yhahw5s","singular":"nc_e7nm___nc_m2m_7hb1yhahw5"}	\N
c3ohbowz156gn93	b7h4beh25tf3z66	pku0f4n052lothp	m30p692bsgwk5eq	Decisions	\N	Links	\N	\N	\N	\N	\N	\N	\N	\N	\N	\N	\N	\N	\N	\N	\N	\N	\N	\N	\N	\N	\N	\N	f	\N	2024-02-03 09:49:12+00	2024-02-03 09:49:12+00	{"plural":"Decisions","singular":"Decision"}	\N
cqdnukeesm7ts7q	b7h4beh25tf3z66	pku0f4n052lothp	mdoxs9fuu2uitwk	Grounds	\N	Links	\N	\N	\N	\N	\N	\N	\N	\N	\N	\N	\N	\N	\N	\N	\N	\N	\N	\N	\N	\N	\N	\N	f	\N	2024-02-03 09:49:12+00	2024-02-03 09:49:12+00	{"plural":"Grounds","singular":"Ground"}	\N
\.


--
-- Data for Name: nc_cron; Type: TABLE DATA; Schema: public; Owner: postgres
--

COPY public.nc_cron (id, project_id, db_alias, title, description, env, pattern, webhook, timezone, active, cron_handler, payload, headers, retries, retry_interval, timeout, created_at, updated_at) FROM stdin;
\.


--
-- Data for Name: nc_disabled_models_for_role; Type: TABLE DATA; Schema: public; Owner: postgres
--

COPY public.nc_disabled_models_for_role (id, project_id, db_alias, title, type, role, disabled, tn, rtn, cn, rcn, relation_type, created_at, updated_at, parent_model_title) FROM stdin;
\.


--
-- Data for Name: nc_disabled_models_for_role_v2; Type: TABLE DATA; Schema: public; Owner: postgres
--

COPY public.nc_disabled_models_for_role_v2 (id, source_id, base_id, fk_view_id, role, disabled, created_at, updated_at) FROM stdin;
\.


--
-- Data for Name: nc_e7nm__Ground; Type: TABLE DATA; Schema: public; Owner: postgres
--

COPY public."nc_e7nm__Ground" (id, "Name", created_at, updated_at, created_by, updated_by, title8, "Type_de_fondement") FROM stdin;
3	Convention internationale des droits de lenfant du 20 novembre 1989	2024-02-02 22:46:29	\N	usf8z9j18q1qv6jf	\N	\N	Droits humains
4	Droit  la vie de larticle 221 de la Constitution Ougandaise	2024-02-02 22:46:29	\N	usf8z9j18q1qv6jf	\N	\N	Droits humains
5	Dclaration des droits de lHomme et du citoyen de 1789	2024-02-02 22:46:29	\N	usf8z9j18q1qv6jf	\N	\N	Droits humains
6	Code de l'entre et du sjour des trangers et du droit d'asile	2024-02-02 22:46:29	\N	usf8z9j18q1qv6jf	\N	\N	Droits humains
7	Loi tats-unienne sur la Politique Nationale sur lEnvironnement ( National Environment Policy Act NEPA)	2024-02-02 22:46:29	\N	usf8z9j18q1qv6jf	\N	\N	Normes environnementales
8	Loi tats-unienne sur la Propret des Eaux (Clean Water Act CWA)	2024-02-02 22:46:29	\N	usf8z9j18q1qv6jf	\N	\N	Normes environnementales
9	Loi tats-unienne sur la Protection des Mammifres Marins (Marine Mammals Protection Act -MMPA)	2024-02-02 22:46:29	\N	usf8z9j18q1qv6jf	\N	\N	Normes environnementales
10	Loi tats-unienne sur la protection des Espces en Danger(Endangered Species Act  ESA)	2024-02-02 22:46:29	\N	usf8z9j18q1qv6jf	\N	\N	Normes environnementales
11	Accord de Paris, 2015	2024-02-02 22:46:29	\N	usf8z9j18q1qv6jf	\N	\N	Normes environnementales
12	Rglement (UE) n 2018/1999 du 11 dcembre 2018 sur la gouvernance de l'Union de l'nergie et de l'action pour le climat	2024-02-02 22:46:29	\N	usf8z9j18q1qv6jf	\N	\N	Normes environnementales
13	Convention-Cadre des Nations-Unies sur les changements climatiques	2024-02-02 22:46:29	\N	usf8z9j18q1qv6jf	\N	\N	Normes environnementales
14	Droit  un environnement sain garanti par larticle 39 de la Constitution ougandaise	2024-02-02 22:46:29	\N	usf8z9j18q1qv6jf	\N	\N	Normes environnementales
15	Article 323 de la loi polonaise sur la protection de lenvironnement	2024-02-02 22:46:29	\N	usf8z9j18q1qv6jf	\N	\N	Normes environnementales
16	Loi de 2017 sur le devoir de vigilance des multinationales	2024-02-02 22:46:29	\N	usf8z9j18q1qv6jf	\N	\N	Normes environnementales
17	Objectif de valeur constitutionnelle de protection de l'environnement - France	2024-02-02 22:46:29	\N	usf8z9j18q1qv6jf	\N	\N	Normes environnementales
18	Charte de l'environnement	2024-02-02 22:46:29	\N	usf8z9j18q1qv6jf	\N	\N	Normes environnementales
19	Article 191 du Trait sur le fonctionnement de l'Union europenne	2024-02-02 22:46:29	\N	usf8z9j18q1qv6jf	\N	\N	Normes environnementales
20	Constitution Ougandaise	2024-02-02 22:46:29	\N	usf8z9j18q1qv6jf	\N	\N	Public trust
21	L 225-102-4 du code de commerce	2024-02-02 22:46:29	\N	usf8z9j18q1qv6jf	\N	\N	Public trust
22	Article 1252 du code civil	2024-02-02 22:46:29	\N	usf8z9j18q1qv6jf	\N	\N	Public trust
23	Article 1004 du Code civil allemand	2024-02-02 22:46:29	\N	usf8z9j18q1qv6jf	\N	\N	Droit civil
24	Droit de proprit de larticle 26 de la Constitution ougandaise	2024-02-02 22:46:29	\N	usf8z9j18q1qv6jf	\N	\N	Droit civil
25	Arrt du 7 avril 2016 prescrivant des mesures de restriction des pandages en cas de pic de pollution et de dpassement des seuils dalerte\n	2024-02-02 22:46:29	\N	usf8z9j18q1qv6jf	\N	\N	Droit civil
\.


--
-- Data for Name: nc_e7nm__Jurisdiction; Type: TABLE DATA; Schema: public; Owner: postgres
--

COPY public."nc_e7nm__Jurisdiction" (id, "Name", created_at, updated_at, created_by, updated_by, "Geolocation", "JurisdictionUrl", "Scope") FROM stdin;
6	Comit conventionnel onusien	2024-02-02 22:48:51	\N	usf8z9j18q1qv6jf	\N	Genve, Suisse	\N	Monde
7	Tribunal des affaires foncires et environnementales	2024-02-02 22:48:51	\N	usf8z9j18q1qv6jf	\N	Etat de Nouvelle-Galles du Sud, Australie	\N	\N
8	Court fdrale du district d'Alaska	2024-02-02 22:48:51	\N	usf8z9j18q1qv6jf	\N	Alaska, Etats-Unis d'Amrique	https://www.akd.uscourts.gov/	Alaska
9	Haute Cour	2024-02-02 22:48:51	\N	usf8z9j18q1qv6jf	\N	Ouganda	\N	Ouganda
10	Tribunal rgional suprieur de Hamm	2024-02-02 22:48:51	\N	usf8z9j18q1qv6jf	\N	Allemagne	\N	Allemagne
11	Tribunal de premire instance du district de Columbia	2024-02-02 22:48:51	\N	usf8z9j18q1qv6jf	\N	\N	\N	\N
12	Cour Suprme	2024-02-02 22:48:51	\N	usf8z9j18q1qv6jf	\N	Espagne	\N	Espagne
13	Tribunal rgional d'Essen	2024-02-02 22:48:51	\N	usf8z9j18q1qv6jf	\N	Essen	\N	\N
14	Tribunal judiciaire de Nanterre	2024-02-02 22:48:51	\N	usf8z9j18q1qv6jf	\N	Nanterre	\N	France
15	Haute Cour	2024-02-02 22:48:51	\N	usf8z9j18q1qv6jf	\N	Angleterre	\N	Angleterre
16	Cour dappel	2024-02-02 22:48:51	\N	usf8z9j18q1qv6jf	\N	Angleterre et Pays de Galles	\N	\N
17	Cour Suprme	2024-02-02 22:48:51	\N	usf8z9j18q1qv6jf	\N	Angleterre	\N	\N
18	Tribunal rgional de Varsovie	2024-02-02 22:48:51	\N	usf8z9j18q1qv6jf	\N	Pologne	\N	\N
19	Cour dAppel du 9eme Circuit	2024-02-02 22:48:51	\N	usf8z9j18q1qv6jf	\N	Etats-Unis	\N	\N
20	Tribunal Judiciaire de Paris	2024-02-02 22:48:51	\N	usf8z9j18q1qv6jf	\N	Paris	\N	\N
21	Conseil constitutionnel	2024-02-02 22:48:51	\N	usf8z9j18q1qv6jf	\N	France	\N	France
22	Conseil d'tat	2024-02-02 22:48:51	\N	usf8z9j18q1qv6jf	\N	France	\N	France
23	Tribunal Administratif	2024-02-02 22:48:51	\N	usf8z9j18q1qv6jf	\N	Montreuil	\N	Montreuil
24	Cour administrative d'appel de Bordeaux	2024-02-02 22:48:51	\N	usf8z9j18q1qv6jf	\N	Bordeaux, France	\N	\N
25	Tribunal de l'Union europenne	2024-02-02 22:48:51	\N	usf8z9j18q1qv6jf	\N	Luxembourg	https://curia.europa.eu/jcms/jcms/j_6/fr/	Union europenne
\.


--
-- Data for Name: nc_e7nm___Agent; Type: TABLE DATA; Schema: public; Owner: postgres
--

COPY public."nc_e7nm___Agent" (id, "Name", created_at, updated_at, created_by, updated_by, "AgentUrl", "Description", "AgentType") FROM stdin;
4	Gloucester Resources Limited	2024-02-02 22:57:08	\N	usf8z9j18q1qv6jf	\N	\N	\N	Entreprise
5	Scott Gilmore et autres (Hausfeld LLP)	2024-02-02 22:57:08	\N	usf8z9j18q1qv6jf	\N	\N	\N	Entreprise
6	Ramin Pejan et autres (Earthjustice)	2024-02-02 22:57:08	\N	usf8z9j18q1qv6jf	\N	\N	\N	Entreprise
7	ConocoPhillips Ltd	2024-02-02 22:57:08	\N	usf8z9j18q1qv6jf	\N	\N	\N	Entreprise
8	RWE	2024-02-02 22:57:08	\N	usf8z9j18q1qv6jf	\N	\N	\N	Entreprise
9	Total	2024-02-02 22:57:08	\N	usf8z9j18q1qv6jf	\N	\N	\N	Entreprise
10	Exxon Mobil Corporation	2024-02-02 22:57:08	\N	usf8z9j18q1qv6jf	\N	\N	\N	Entreprise
11	PGE GiEK	2024-02-02 22:57:08	\N	usf8z9j18q1qv6jf	\N	\N	\N	Entreprise
12	BNP Paribas	2024-02-02 22:57:08	\N	usf8z9j18q1qv6jf	\N	\N	\N	Entreprise
13	Minister for Planning	2024-02-02 22:57:08	\N	usf8z9j18q1qv6jf	\N	\N	\N	Etat
14	Argentine	2024-02-02 22:57:08	\N	usf8z9j18q1qv6jf	\N	\N	\N	Etat
15	Brsil	2024-02-02 22:57:08	\N	usf8z9j18q1qv6jf	\N	\N	\N	Etat
16	France	2024-02-02 22:57:08	\N	usf8z9j18q1qv6jf	\N	\N	\N	Etat
17	Allemagne	2024-02-02 22:57:08	\N	usf8z9j18q1qv6jf	\N	\N	\N	Etat
18	Turquie	2024-02-02 22:57:08	\N	usf8z9j18q1qv6jf	\N	\N	\N	Etat
19	Secrtaire dtat Anglais au transport	2024-02-02 22:57:08	\N	usf8z9j18q1qv6jf	\N	\N	\N	Etat
20	Commonwealth of Massachusetts	2024-02-02 22:57:08	\N	usf8z9j18q1qv6jf	\N	\N	\N	Etat
21	Prsident Indonsien	2024-02-02 22:57:08	\N	usf8z9j18q1qv6jf	\N	\N	\N	Etat
22	Espagne	2024-02-02 22:57:08	\N	usf8z9j18q1qv6jf	\N	\N	\N	Etat
23	Ouganda	2024-02-02 22:57:08	\N	usf8z9j18q1qv6jf	\N	\N	\N	Etat
24	Parlement europen	2024-02-02 22:57:08	\N	usf8z9j18q1qv6jf	\N	https://www.europarl.europa.eu/portal/fr	\N	Etat
25	Conseil de l'Union europenne	2024-02-02 22:57:08	\N	usf8z9j18q1qv6jf	\N	https://www.consilium.europa.eu/fr/council-eu/	\N	Etat
26	Alaska Wilderness League	2024-02-02 22:57:08	\N	usf8z9j18q1qv6jf	\N	\N	\N	Association
27	Defenders of Wildlife	2024-02-02 22:57:08	\N	usf8z9j18q1qv6jf	\N	\N	\N	Association
28	Northern Alaska Environmental Center	2024-02-02 22:57:08	\N	usf8z9j18q1qv6jf	\N	\N	\N	Association
29	Sierra Club	2024-02-02 22:57:08	\N	usf8z9j18q1qv6jf	\N	\N	\N	Association
30	The Wilderness Society	2024-02-02 22:57:08	\N	usf8z9j18q1qv6jf	\N	\N	\N	Association
31	Center for Biological Diversity	2024-02-02 22:57:08	\N	usf8z9j18q1qv6jf	\N	\N	\N	Association
32	Friends of the Earth	2024-02-02 22:57:08	\N	usf8z9j18q1qv6jf	\N	\N	\N	Association
33	Greenpeace	2024-02-02 22:57:08	\N	usf8z9j18q1qv6jf	\N	\N	\N	Association
34	Tribue Standing Rock Sioux	2024-02-02 22:57:08	\N	usf8z9j18q1qv6jf	\N	\N	\N	Association
35	Tribue Cheyenne River Sioux	2024-02-02 22:57:08	\N	usf8z9j18q1qv6jf	\N	\N	\N	Association
36	Greenpeace Espana	2024-02-02 22:57:08	\N	usf8z9j18q1qv6jf	\N	https://es.greenpeace.org/es/	\N	Association
37	Ecologistas en Accin	2024-02-02 22:57:08	\N	usf8z9j18q1qv6jf	\N	https://www.ecologistasenaccion.org/	\N	Association
38	Oxfam Intermn	2024-02-02 22:57:08	\N	usf8z9j18q1qv6jf	\N	https://www.oxfamintermon.org/es	\N	Association
39	Notre Affaire  Tous	2024-02-02 22:57:08	\N	usf8z9j18q1qv6jf	\N	\N	\N	Association
40	Plan B Earth	2024-02-02 22:57:08	\N	usf8z9j18q1qv6jf	\N	\N	\N	Association
41	Greenpeace Pologne	2024-02-02 22:57:08	\N	usf8z9j18q1qv6jf	\N	\N	\N	Association
42	Greenpeace USA	2024-02-02 22:57:08	\N	usf8z9j18q1qv6jf	\N	\N	\N	Association
43	Pacific Environment	2024-02-02 22:57:08	\N	usf8z9j18q1qv6jf	\N	\N	\N	Association
44	Oxfam France	2024-02-02 22:57:08	\N	usf8z9j18q1qv6jf	\N	\N	\N	Association
45	Les Amis de la Terre France	2024-02-02 22:57:08	\N	usf8z9j18q1qv6jf	\N	\N	\N	Association
46	France Nature Environnement	2024-02-02 22:57:08	\N	usf8z9j18q1qv6jf	\N	\N	\N	Association
47	RESPIRE	2024-02-02 22:57:08	\N	usf8z9j18q1qv6jf	\N	\N	\N	Association
48	Rseau sortir du nuclaire	2024-02-02 22:57:08	\N	usf8z9j18q1qv6jf	\N	https://www.sortirdunucleaire.org/	\N	Association
49	Association de Lutte contre les Nuisances et la Pollution	2024-02-02 22:57:08	\N	usf8z9j18q1qv6jf	\N	\N	\N	Association
50	2Celsius Network	2024-02-02 22:57:08	\N	usf8z9j18q1qv6jf	\N	2celsius.net	Association de protection de l'environnement roumaine	Association
51	WOLF	2024-02-02 22:57:08	\N	usf8z9j18q1qv6jf	\N	\N	Association de protection des forts slovaques	Association
52	William Tsama	2024-02-02 22:57:08	\N	usf8z9j18q1qv6jf	\N	\N	\N	Particulier
53	Sal Luciano Lliuya	2024-02-02 22:57:08	\N	usf8z9j18q1qv6jf	\N	\N	\N	Particulier
54	Chiara Sacchi	2024-02-02 22:57:08	\N	usf8z9j18q1qv6jf	\N	\N	\N	Particulier
55	32 citoyens de Jakarta	2024-02-02 22:57:08	\N	usf8z9j18q1qv6jf	\N	\N	\N	Particulier
56	Marguerite P	2024-02-02 22:57:08	\N	usf8z9j18q1qv6jf	\N	\N	\N	Particulier
57	Anonyme bangladais	2024-02-02 22:57:08	\N	usf8z9j18q1qv6jf	\N	\N	\N	Particulier
58	Hasso Krull	2024-02-02 22:57:08	\N	usf8z9j18q1qv6jf	\N	\N	Scientifique estonien	Particulier
59	Tony Lowes	2024-02-02 22:57:08	\N	usf8z9j18q1qv6jf	\N	\N	Activiste irlandais	Particulier
60	Kent Roberson	2024-02-02 22:57:08	\N	usf8z9j18q1qv6jf	\N	\N	Propritaire d'une fort aux Etats-Unis	Particulier
61	Corps des ingnieurs de l'arme tats-unienne (US Army Corp of Engineers, USACE)	2024-02-02 22:57:08	\N	usf8z9j18q1qv6jf	\N	\N	\N	Organisation publique
62	Autorits locales ougandaises	2024-02-02 22:57:08	\N	usf8z9j18q1qv6jf	\N	\N	\N	Organisation publique
63	Bureau of Ocean Energy Management (BOEM)	2024-02-02 22:57:08	\N	usf8z9j18q1qv6jf	\N	\N	\N	Organisation publique
\.


--
-- Data for Name: nc_e7nm___Case; Type: TABLE DATA; Schema: public; Owner: postgres
--

COPY public."nc_e7nm___Case" (id, title, created_at, updated_at, created_by, updated_by, "FactsDigest", "FactsDate", "GoogleDriveFolder", "CaseStatus", "AppealType", "Avancement") FROM stdin;
1	CE Force 5 et al. QPC 28 mai 2020	2024-02-02 23:24:22	\N	usf8z9j18q1qv6jf	\N	\N	\N	 https://drive.google.com/drive/folders/1gyKYZMzEexGtL5T0wpHbbt6H1asHlGIi	\N	\N	\N
2	TA La prise en compte de limpact cologique MAPA	2024-02-02 23:24:22	\N	usf8z9j18q1qv6jf	\N	\N	\N	 https://drive.google.com/drive/folders/1Ab0aT-VGvhFTFdRha_ZxtidC5eVdu60n	\N	\N	\N
3	CEDH Projet norvgien forage ptrolier lArctique	2024-02-02 23:24:22	\N	usf8z9j18q1qv6jf	\N	\N	\N	 https://drive.google.com/drive/folders/1Qm0QBLzrto8ZdbZDd0X3pyGkavqwMxZZ	\N	\N	\N
4	Devoir de vigilance 3 arrts importants premier trimestre 2021	2024-02-02 23:24:22	\N	usf8z9j18q1qv6jf	\N	\N	\N	 https://drive.google.com/drive/folders/1oPZ4eqO-UuKiCqwmERJwvnS7vd772p5e	\N	\N	\N
5	Indemnisation des agriculteurs exposs aux pesticides	2024-02-02 23:24:22	\N	usf8z9j18q1qv6jf	\N	\N	\N	 https://drive.google.com/drive/folders/133ux-Ln1lvgv_i1MEsLxmLP9vpLXmQWf	\N	\N	\N
6	CC Association Gnrations futures QPC 19.03.2021	2024-02-02 23:24:22	\N	usf8z9j18q1qv6jf	\N	\N	\N	 https://drive.google.com/drive/folders/1PD1T0hVpoqaLNFsGAWvYW44uzE3I90-l	\N	\N	\N
7	CE Gennevilliers c. Prfet des Hauts-de-Seine 31-12-2020 N440923	2024-02-02 23:24:22	\N	usf8z9j18q1qv6jf	\N	\N	\N	 https://drive.google.com/drive/folders/1s1d5m1AhbDOKgf_Wo3yMP1CRhbVpANbT	\N	\N	\N
8	CE Conscration responsabilit de lEtat lois inconstitutionnelles	2024-02-02 23:24:22	\N	usf8z9j18q1qv6jf	\N	\N	\N	 https://drive.google.com/drive/folders/1HKx-DUwksFwR0K0PGndyBRGFJNJAQ4Yf	\N	\N	\N
9	CC Nonicotinodes Betteraves Sucrires 10-12-2020	2024-02-02 23:24:22	\N	usf8z9j18q1qv6jf	\N	\N	\N	 https://drive.google.com/drive/folders/1rH9lShgVNKRj774oeCqQmNZm2JW7nAZH	\N	\N	\N
10	CAss Pollution de lair Navire Britanique Carnival PLC 24-11-20	2024-02-02 23:24:22	\N	usf8z9j18q1qv6jf	\N	\N	\N	 https://drive.google.com/drive/folders/1d0mltB2nlYzzy_z3ukiLJUVX_UdwT0N3	\N	\N	\N
11	Commission Europenne Acces a l'information environnementale 14-05-2020	2024-02-02 23:24:22	\N	usf8z9j18q1qv6jf	\N	\N	\N	 https://drive.google.com/drive/folders/1OWd8lEPquB1HelMc_tZM2BwyUl1k_8qT	\N	\N	\N
12	FNE Concessions minires 2022	2024-02-02 23:24:22	\N	usf8z9j18q1qv6jf	\N	\N	\N	 https://drive.google.com/drive/folders/1KisHXfwLBuT2EMbwbVglgxL2xBZF88hJ	\N	\N	\N
13	Recours Cour Suprme de Tawan	2024-02-02 23:24:22	\N	usf8z9j18q1qv6jf	\N	\N	\N	 https://drive.google.com/drive/folders/1m3WK7C_PZstk-jfEaLfxv_5ovVq_vbUs	\N	\N	\N
14	A.Periyakaruppan vs. The Principal Secretary to Government	2024-02-02 23:24:22	\N	usf8z9j18q1qv6jf	\N	\N	\N	 https://drive.google.com/drive/folders/17LJNXnBLgrCSLEiLRkca0ToSG88abKvF	\N	\N	\N
15	Prfet des Hauts de Seine c. commune de Malakoff	2024-02-02 23:24:22	\N	usf8z9j18q1qv6jf	\N	\N	\N	 https://drive.google.com/drive/folders/1GMD_ySlx_w7t7Bt4rq1znIGI-eMxWsgz	\N	\N	\N
16	Tsama William et alii v. Attorney General of Uganda	2024-02-02 23:24:22	\N	usf8z9j18q1qv6jf	\N	Le 3 dcembre 2019, un glissement de terrain, faisant suite  de nombreux autres, engloutit les proprits des requrants et cause vingt dcs. Les victimes et familles des victimes, dcident de saisir la Haute Cour de l'Ouganda.	2019-01-01	 https://drive.google.com/drive/folders/1Yg4CyFq0HU_2WWSE8vB2nuVP0yZrPtWM	En cours	Environnement	Fait
17	Commentaire croise Liberty et Willow (US) et Arctic Oil (Norvge)	2024-02-02 23:24:22	\N	usf8z9j18q1qv6jf	\N	\N	\N	 https://drive.google.com/drive/folders/1nd9AA2tL2NzCVQXxVcJs8NlgF60K5aVe	\N	\N	 dplacer
18	Circulaire visant  consolider le rle de la justice en matire environnementale	2024-02-02 23:24:22	\N	usf8z9j18q1qv6jf	\N	\N	\N	 https://drive.google.com/drive/folders/11fEOjWe2aoMFf7M5UW0GoBXpQQ6TEKi6	\N	\N	 dplacer
19	La responsabilit de la socit absorbante du fait de la socit absorbe	2024-02-02 23:24:22	\N	usf8z9j18q1qv6jf	\N	Dans une affaire de droit pnal (destruction involontaire de bien appartenant  autrui par manquement  une obligation de scurit ou de prudence impose par la loi) impliquant deux socit, la Cour de cassation a opr un revirement de jurisprudence concernant la transmission de la responsabilit pnale d'une socit absorbe.	2020-01-01	 https://drive.google.com/drive/folders/1kCkeQiwRMbGvBVQ2zKE9oUpYZ9B-6par	Finie	Autre	Fait
20	CAA Bordeaux OQTF Bengladais 18-12-2020	2024-02-02 23:24:22	\N	usf8z9j18q1qv6jf	\N	Aprs un arrt pris  son encontre quant  son obligation de quitter le territoire franais (OQTF) un Bengladais, Sheel,  a saisi la justice franaise  travers un recours pour excs de pouvoir. Celui-ci sest vu autoris  rester sur le territoire Franais, car la justice a estim que sa sant  tait incompatible avec la pollution de lair de son pays. 	2020-01-01	 https://drive.google.com/drive/folders/1dGJsaKWy9xprSCSEn7fdYKxB5Ab13c7Z	Finie	Environnement	\N
21	CE 20 avril 2020, Restriction des pandages agricoles	2024-02-02 23:24:22	\N	usf8z9j18q1qv6jf	\N	A loccasion du confinement qui dbute en France le 17 mars 2020 et qui sera marqu par une baisse drastique des activits et des dplacements gnrateurs dmissions de gaz  effet de serre, lassociation nationale pour la prservation et lamlioration de la qualit de lair (association  RESPIRE ) souhaite suspendre provisoirement, le temps de lpidmie, les pandages agricoles.	2020-01-01	https://drive.google.com/drive/folders/1i1mqeXTOQpMJQxeGjpjAF78dIzTAXf3t	Finie	Environnement	 faire
22	CE 15 novembre 2021, France Nature Environnement, requte 437613	2024-02-02 23:24:22	\N	usf8z9j18q1qv6jf	\N	Lassociation France Nature Environnement a introduit un recours en excs de pouvoir contre la carence du gouvernement  prendre les mesures ncessaires afin de limiter lusage des pesticides dans deux types de zones, les zones protges au titre de la directive-cadre sur leau du 23 octobre 2000 et celles constitutives du rseau Natura 2000.	2021-01-01	https://drive.google.com/drive/folders/19_PqVxNaUsQwKRUwO_1T0Lsc_Oo-0awD	Finie	Environnement	En cours
23	CE Dcision Glyphosate Epinay-Sur-Seine 01-07-21	2024-02-02 23:24:22	\N	usf8z9j18q1qv6jf	\N	\N	\N	 https://drive.google.com/drive/folders/14HB0Bgvf006--dxAjtBhIfbJcwCFbtiX	\N	\N	 faire
24	Ltat des lieux de la criminalit environnementale par lONG Bureau europen de lenvironnement	2024-02-02 23:24:22	\N	usf8z9j18q1qv6jf	\N	\N	\N	 https://drive.google.com/drive/folders/1rmtcIuz6j9tZDrzZSbXqW-JkbqSRzuCU	\N	\N	 faire
25	CE Rfr-libert et environnement	2024-02-02 23:24:22	\N	usf8z9j18q1qv6jf	\N	\N	\N	 https://drive.google.com/drive/folders/1cru9SAGDfoanTD80usS5EOd2__5qiQFB	\N	\N	 faire
26	Rivire Magpie - QUBEC	2024-02-02 23:24:22	\N	usf8z9j18q1qv6jf	\N	\N	\N	https://drive.google.com/drive/folders/1X5J9AVzCf_o_cOyPtL_KOTZaqByPhpmy	\N	\N	\N
27	Affaire Chlordcone	2024-02-02 23:24:22	\N	usf8z9j18q1qv6jf	\N	\N	\N	https://drive.google.com/drive/folders/1tidteLkZOFuGUpILq2m2gXyVEXnenorJ	\N	\N	\N
28	TJ de Marseille - Parc National des Calanques	2024-02-02 23:24:22	\N	usf8z9j18q1qv6jf	\N	\N	\N	 https://drive.google.com/drive/folders/1qfxFz644M6fQ38ZoqqC3MBqYnaGIEpjD	\N	\N	\N
29	CC Equateur - Estrellita	2024-02-02 23:24:22	\N	usf8z9j18q1qv6jf	\N	\N	\N	 https://drive.google.com/drive/folders/14E0rGbzpv61zDZhTNPQOoFzbBeSqlEPz	\N	\N	\N
30	Okpabi et al. c. RDS	2024-02-02 23:24:22	\N	usf8z9j18q1qv6jf	\N	\N	\N	 https://drive.google.com/drive/folders/1tkh8Fi9nmcS9Rd-ogVCvb4ju-VDE5KQW	\N	\N	\N
31	Wilde Cypress Branch et al. v. Beachline South Residential, LLC and Noah Valenstein, Secretary of the Florida Department of Environmental Protection	2024-02-02 23:24:22	\N	usf8z9j18q1qv6jf	\N	\N	\N	 https://drive.google.com/drive/folders/1m0_gtzOSWAkFuc4DIszikwf7YG7ec_7y	\N	\N	\N
32	Bayer CropScience c. Tribunal UE	2024-02-02 23:24:22	\N	usf8z9j18q1qv6jf	\N	\N	\N	 https://drive.google.com/drive/folders/19Y44SEKkDIQfS0zMWhNqpwbUc-H02WzA	\N	\N	\N
33	SOBEGI c. SEPANSO	2024-02-02 23:24:22	\N	usf8z9j18q1qv6jf	\N	\N	\N	 https://drive.google.com/drive/folders/1fua4bhp_n0S-xY3YNskKNV0WJxewmELq	\N	\N	\N
34	Norvge People c. Artic oil	2024-02-02 23:24:22	\N	usf8z9j18q1qv6jf	\N	\N	\N	 https://drive.google.com/drive/folders/1kkEgDFYVaPFX8x1eIjAldCMxsKUQRa05	\N	\N	\N
35	LPO  c. Bayer et Nufarm	2024-02-02 23:24:22	\N	usf8z9j18q1qv6jf	\N	\N	\N	 https://drive.google.com/drive/folders/10LL0WgoQkYYwt2_k-zO9a1FnA6kEY-lT	\N	\N	\N
36	Hamida Begum c. Maran Ltd (UK)	2024-02-02 23:24:22	\N	usf8z9j18q1qv6jf	\N	\N	\N	 https://drive.google.com/drive/folders/1phSUnnc1o2uSvFJ0SPh3iuZw810lycEC	\N	\N	\N
37	Pollution de l'air - UE	2024-02-02 23:24:22	\N	usf8z9j18q1qv6jf	\N	\N	\N	 https://drive.google.com/drive/folders/1d5XDfVcHVZK4BO4K7wVsjgN_AFJ_c8c0	\N	\N	\N
38	Notre Affaire  Tous c. Total	2024-02-02 23:24:22	\N	usf8z9j18q1qv6jf	\N	\N	\N	 https://drive.google.com/drive/folders/1NHbLPVwkq7YFCPhVT9ywVlIaHAU5GY-O	\N	\N	\N
39	Deutsche Umwelthilfe (DUH) c. Rpublique fdrale allemande	2024-02-02 23:24:22	\N	usf8z9j18q1qv6jf	\N	\N	\N	 https://drive.google.com/drive/folders/1UDvDJgB11WgfOEdahyxQdLUAdvAG54Yo	\N	\N	\N
40	SCI Les Vigneux c. prfet de lAube	2024-02-02 23:24:22	\N	usf8z9j18q1qv6jf	\N	\N	\N	 https://drive.google.com/drive/folders/1Hs8nMj7uEAbs50k2zlq1EFaZsY1mDHyF	\N	\N	\N
41	Milieudefensie c. Shell	2024-02-02 23:24:22	\N	usf8z9j18q1qv6jf	\N	\N	\N	 https://drive.google.com/drive/folders/1cdlEjj9-Kw6HsFxcjDsElIA60MTwP3oA	\N	\N	\N
42	Austria Bundesrwalttungsgericht	2024-02-02 23:24:22	\N	usf8z9j18q1qv6jf	\N	\N	\N	 https://drive.google.com/drive/folders/152ZwdjsUd6pC75zmnRpT9ZwyWDXo6tX5	\N	\N	\N
43	Cour constitutionnelle allemande	2024-02-02 23:24:22	\N	usf8z9j18q1qv6jf	\N	\N	\N	 https://drive.google.com/drive/folders/1GxkAhcDR4GhK-i90hjV3jvsFPckmdgUu	\N	\N	\N
44	Daniel Billy et al. c. Australie	2024-02-02 23:24:22	\N	usf8z9j18q1qv6jf	\N	\N	\N	 https://drive.google.com/drive/folders/1K1Tl76SFoxDoR54HcJ3pLAPNow0a9FRJ	\N	\N	\N
45	Sustaining the Wild Coast NPC et al. c. Afrique du Sud	2024-02-02 23:24:22	\N	usf8z9j18q1qv6jf	\N	\N	\N	 https://drive.google.com/drive/folders/1tX8yzCTcWx0lGn4_h9FooM6RaQIraahG	\N	\N	\N
46	Aroport de Heathrow c. Les Amis de la Terre	2024-02-02 23:24:22	\N	usf8z9j18q1qv6jf	\N	\N	\N	 https://drive.google.com/drive/folders/1X8MhoiM_E3QWu2ZGJk814PL9ZixlicG_	\N	\N	\N
47	Affaire PSB et al. contre Brsil	2024-02-02 23:24:22	\N	usf8z9j18q1qv6jf	\N	\N	\N	 https://drive.google.com/drive/folders/1H1w4exBk6g6OozmkmXSKtb5e6hDXH9Jz	\N	\N	\N
48	Chevron - Greenwashing	2024-02-02 23:24:22	\N	usf8z9j18q1qv6jf	\N	\N	\N	 https://drive.google.com/drive/folders/1R4sOUU75sApPaGa4meAXdAdVBwQzOhDo	\N	\N	\N
49	CEDH Youth for Climate Justice	2024-02-02 23:24:22	\N	usf8z9j18q1qv6jf	\N	\N	\N	 https://drive.google.com/drive/folders/16-3CQrciBq4i2yAe99SDVMpud2cZXc1F	\N	\N	\N
50	Affaire Grande-Synthe	2024-02-02 23:24:22	\N	usf8z9j18q1qv6jf	\N	\N	\N	 https://drive.google.com/drive/folders/1ibBhvF-9D3OhnvqkRTyw-PVh5dbTUzYv	\N	\N	\N
51	Aroport de Vienne (Cour Fdrale)	2024-02-02 23:24:22	\N	usf8z9j18q1qv6jf	\N	\N	\N	 https://drive.google.com/drive/folders/16NCg5oijH6vKKR14_TI0DPRnQBbfyUZh	\N	\N	\N
52	Waorani	2024-02-02 23:24:22	\N	usf8z9j18q1qv6jf	\N	\N	\N	 https://drive.google.com/drive/folders/1C1PJItVWIsDNkrbxoQzSra9zcDdrhvEw	\N	\N	\N
53	Affaire Exxon	2024-02-02 23:24:22	\N	usf8z9j18q1qv6jf	\N	\N	\N	 https://drive.google.com/drive/folders/1evsv0B9GaBB97ETyMHE9dwkCUe9CZBeD	\N	\N	\N
54	Fishermen v. Chevron	2024-02-02 23:24:22	\N	usf8z9j18q1qv6jf	\N	\N	\N	 https://drive.google.com/drive/folders/1VhLluULu2GlN8Umu_ZvrYODRuvJ7wlAB	\N	\N	\N
55	EarthJustice v. Lucky Minerals	2024-02-02 23:24:22	\N	usf8z9j18q1qv6jf	\N	\N	\N	 https://drive.google.com/drive/folders/1SrpWbwk_lTjylMHK_iFSoytTqqcqGf3x	\N	\N	\N
56	New Zealand High Court Smith v. Fonterra	2024-02-02 23:24:22	\N	usf8z9j18q1qv6jf	\N	\N	\N	 https://drive.google.com/drive/folders/1JFIJYSr3uF-Qy--eNBrCBFcpdl1BlDb1	\N	\N	\N
57	Rocky Mountain farmers Union V. Corey	2024-02-02 23:24:22	\N	usf8z9j18q1qv6jf	\N	\N	\N	 https://drive.google.com/drive/folders/17Q-qSFbymhAYQiglY8Ny-rLwjIKHp53q	\N	\N	\N
58	Von Colditz v. Exxon Mobil	2024-02-02 23:24:22	\N	usf8z9j18q1qv6jf	\N	\N	\N	 https://drive.google.com/drive/folders/12AlAkfQibifxWDe7u08QoUhLXlZ73yO4	\N	\N	\N
59	Urgenda v. Gouvernement Allemand	2024-02-02 23:24:22	\N	usf8z9j18q1qv6jf	\N	\N	\N	 https://drive.google.com/drive/folders/1WxhgEtbManXyJquTnb94FlPmCkfFzw-Q	\N	\N	\N
60	Our childrens Trust v. Oregon	2024-02-02 23:24:22	\N	usf8z9j18q1qv6jf	\N	\N	\N	 https://drive.google.com/drive/folders/1-U3VMu4mQvPpBKAW6wAWphWI0g8brInl	\N	\N	\N
61	Senior Women Climate Case v. Switzerland	2024-02-02 23:24:22	\N	usf8z9j18q1qv6jf	\N	\N	\N	 https://drive.google.com/drive/folders/1qYeSlV5xeYt8vIhez9nKPSNoDMPpiEaf	\N	\N	\N
62	Climate Case Ireland	2024-02-02 23:24:22	\N	usf8z9j18q1qv6jf	\N	\N	\N	 https://drive.google.com/drive/folders/1Sx07VGjSdz2SYiMXpT7sXxclL5hzVgiB	\N	\N	\N
63	People of the State of New York v Exxon Mobil	2024-02-02 23:24:22	\N	usf8z9j18q1qv6jf	\N	\N	\N	 https://drive.google.com/drive/folders/1-NhEuCxA0XF9jT8MRvfUjjUU2VmQSeLQ	\N	\N	\N
64	Chevron Texaco c. Equateur	2024-02-02 23:24:22	\N	usf8z9j18q1qv6jf	\N	\N	\N	 https://drive.google.com/drive/folders/1Pz16mb2HqsOtgCXag2WxvnSJGzX2REt6	\N	\N	\N
65	CJUE Commission c. France (pollution de l'air)	2024-02-02 23:24:22	\N	usf8z9j18q1qv6jf	\N	\N	\N	 https://drive.google.com/drive/folders/1KuM-nd0iAGTxFu-8VjSQi3CV_3nm1Uz4	\N	\N	\N
66	PAYS-BAS - Urgenda (Netherlands)	2024-02-02 23:24:22	\N	usf8z9j18q1qv6jf	\N	\N	\N	 https://drive.google.com/drive/folders/1oiw9KKPx5QgsZYwPz2yKzzQhoc7vmBNo	\N	\N	\N
67	COLOMBIE - Tierra Digna (Colombie)	2024-02-02 23:24:22	\N	usf8z9j18q1qv6jf	\N	\N	\N	 https://drive.google.com/drive/folders/1NK7NY4oWL309lDU1CXJAyicYWmEp2Z2g	\N	\N	\N
68	INDIA - Pandey v. India	2024-02-02 23:24:22	\N	usf8z9j18q1qv6jf	\N	\N	\N	 https://drive.google.com/drive/folders/1tgo2lNZp5X8pYgI8jerLoh7K8WpXqQSA	\N	\N	\N
69	USA - Oregon Federal District Court	2024-02-02 23:24:22	\N	usf8z9j18q1qv6jf	\N	\N	\N	 https://drive.google.com/drive/folders/1AZPEDH_Nri-fT-bSqw3qQ3NbIW5pRBA7	\N	\N	\N
70	ROYAUME UNI - UK High Court Coal Mine	2024-02-02 23:24:22	\N	usf8z9j18q1qv6jf	\N	\N	\N	 https://drive.google.com/drive/folders/1KU-Ik5X4ST5iIFylSC8eY-Y8uOPWt1ox	\N	\N	\N
71	ALLEMAGNE - Greenpeace Allemagne vs Etat fdral allemand	2024-02-02 23:24:22	\N	usf8z9j18q1qv6jf	\N	\N	\N	 https://drive.google.com/drive/folders/1nS0eiZ5iAJ_0JNHlQb1dIWFHV0A1U07k	\N	\N	\N
72	Affaire Lubrizol	2024-02-02 23:24:22	\N	usf8z9j18q1qv6jf	\N	\N	\N	https://drive.google.com/drive/folders/1pVQQ1OiIT0ueLgh_4eTQhiSVD_fuIAkF	\N	\N	\N
73	E.U. Biomass Plaintiffs v. European Union	2024-02-02 23:24:22	\N	usf8z9j18q1qv6jf	\N	\N	2019-01-01	 https://drive.google.com/drive/folders/1ebggF68x5_enuieQJm412yfIGgmLwbEn	Finie	Climat	Fait
74	ITALIE - Giudizio Universale	2024-02-02 23:24:22	\N	usf8z9j18q1qv6jf	\N	\N	\N	 https://drive.google.com/drive/folders/1h1yNUsx4sx3jCwzL44H9Y7Hlda3yE7l2	\N	\N	\N
75	NORWAY - Greenpeace Nordic Assn and Nature and Youth v. Ministry of Petroleum and Energy	2024-02-02 23:24:22	\N	usf8z9j18q1qv6jf	\N	\N	\N	 https://drive.google.com/drive/folders/1E2DcEXvWBkcakPIgnSd3X7ni4j6Qirw7	\N	\N	\N
76	IRELAND - Friends of the Irish Environment	2024-02-02 23:24:22	\N	usf8z9j18q1qv6jf	\N	\N	\N	 https://drive.google.com/drive/folders/1nB82WqjCICyp1-57XG1d8TUqcoJaB4HJ	\N	\N	\N
77	FRANCE - L'affaire du Sicle	2024-02-02 23:24:22	\N	usf8z9j18q1qv6jf	\N	\N	\N	 https://drive.google.com/drive/folders/1tMAzeCi32Y5OeKjXT1tiASyd4smL1ue7	\N	\N	\N
78	Gbemre v. Shell (Nigeria)	2024-02-02 23:24:22	\N	usf8z9j18q1qv6jf	\N	\N	\N	 https://drive.google.com/drive/folders/13aB_Ogq-EOPInZ4Uc0H3ziYsrJI9YNHg	\N	\N	\N
79	Bioenergy and RED II ( traiter ?)	2024-02-02 23:24:22	\N	usf8z9j18q1qv6jf	\N	\N	\N	 https://drive.google.com/drive/folders/1fSG0YWPInDe0q9P5VzrffeRV1Hk-wv6U	\N	\N	\N
80	CEDH (Urgenda + ADS)	2024-02-02 23:24:22	\N	usf8z9j18q1qv6jf	\N	\N	\N	 https://drive.google.com/drive/folders/1INo40SiuvFPSdcs2Azmmp2uWe1BYuXZP	\N	\N	\N
81	Keystone Pipeline	2024-02-02 23:24:22	\N	usf8z9j18q1qv6jf	\N	\N	\N	 https://drive.google.com/drive/folders/1DSmvCPyCEM8BOTY5yBwZK56W6qUOEZ_L	\N	\N	\N
82	Peoples' Climate Case (UE)	2024-02-02 23:24:22	\N	usf8z9j18q1qv6jf	\N	\N	\N	 https://drive.google.com/drive/folders/1SkHvqroXdkZ7tqYbKgoYfd_azVT7cTX_	\N	\N	\N
83	Juliana (USA)	2024-02-02 23:24:22	\N	usf8z9j18q1qv6jf	\N	\N	\N	 https://drive.google.com/drive/folders/1kNBHWK81l1NKgawe9FLMMWBRjfjMSExS	\N	\N	\N
84	ENVironnement JEUnesse (Canada)	2024-02-02 23:24:22	\N	usf8z9j18q1qv6jf	\N	\N	\N	 https://drive.google.com/drive/folders/1poWJhjuAeZymS0-QRB4i6nRHCx1XxCRG	\N	\N	\N
85	EarthLife (Afr du Sud)	2024-02-02 23:24:22	\N	usf8z9j18q1qv6jf	\N	\N	\N	 https://drive.google.com/drive/folders/1oTAcvuMcxPBjv1YenYo-uPrE02d-PsZu	\N	\N	\N
86	DeJusticia (Colombie)	2024-02-02 23:24:22	\N	usf8z9j18q1qv6jf	\N	\N	\N	 https://drive.google.com/drive/folders/1EsnJt39ZgnFyWqJbolp17XLs05_7olpM	\N	\N	\N
87	Canada Class Action	2024-02-02 23:24:22	\N	usf8z9j18q1qv6jf	\N	\N	\N	 https://drive.google.com/drive/folders/1ghYXUC-F8JJGIy6_nnZGU3QtQJgGvcEs	\N	\N	\N
88	Ashgar Leghari	2024-02-02 23:24:22	\N	usf8z9j18q1qv6jf	\N	\N	\N	 https://drive.google.com/drive/folders/1LAVYbqiuhZDffOCWhsJh3eRHrjtVv9EY	\N	\N	\N
89	Zoe +Stella (OCT)	2024-02-02 23:24:22	\N	usf8z9j18q1qv6jf	\N	\N	\N	 https://drive.google.com/drive/folders/1Y5kmhvqhpkuqn56yDXle5kqfuNkmSzI6	\N	\N	\N
90	Plan B Earth et autres c. secrtaire d'Etat au transport	2024-02-02 23:24:22	\N	usf8z9j18q1qv6jf	\N	Le gouvernement britannique a publi le 26 juin 2018 une dclaration de politique nationale en matire daroports (ANPS, Airports National Policy Statement), dans laquelle il se dclarait favorable  un projet dagrandissement de laroport dHeathrow prs de Londres, avec notamment la construction dune 3me piste, dans lobjectif principal de garder sa place de 1er  hub  europen pour le transport arien international.\n\nPour tablir cette Dclaration, le secrtariat dtat au transport avait tenu compte de lengagement de rduction de 80% des missions de gaz  effet de serre inclus dans le Climate Change Act de 2008, mais pas de lAccord de Paris conclu en dcembre 2015.	2018-01-01	 https://drive.google.com/drive/folders/1C7tUzmzHzwAqaO6Ynyfb01vRTOegAXAr	En cours	Climat	Fait
91	Jugement du Tribunal Judiciaire de Nanterre comptence devoir de vigilance	2024-02-02 23:24:22	\N	usf8z9j18q1qv6jf	\N	Devoir de vigilance du code du commerce:\nPublier et mettre en uvre un plan comportant les mesures de vigilance raisonnable propres  identifier les risques et  prvenir les atteintes graves envers les:\n* droits humains et les liberts fondamentales,\n* la sant et la scurit des personnes ainsi que l'environnement,\n\nRsultant des activits de la socit et de celles des socits qu'elle contrle, directement ou indirectement, ainsi que des activits des sous-traitants ou fournisseurs avec lesquels est entretenue une relation commerciale tablie, lorsque ces activits sont rattaches  cette relation.	2018-01-01	 https://drive.google.com/drive/folders/1PwqAX1yPQE80-6iDThXgYeBRO3QtnV4b	\N	\N	En cours
92	CRC Sacchi et al v. Argentina et al	2024-02-02 23:24:22	\N	usf8z9j18q1qv6jf	\N	Seize enfants (dont Greta Thunberg), ressortissants de 12 pays, sont victimes de prjudices causs par la crise climatique. Ces atteintes vont de crises dasthme dues  la fume de feux de forts,  limpact sur la sant psychique,  laugmentation des maladies parasitaires et infectieuses cause par la hausse des tempratures,  labandon de la culture dlevage traditionnelle de par le rchauffement de la rgion, ou  la perte de territoire face  la monte des eaux de mer.	2019-01-01	 https://drive.google.com/drive/folders/1QylCRf1UlnVHKjrWQMxui2-2bk791JjT	Finie	Climat	En cours
93	SILA et CBD V. BLM et ConocoPhillips	2024-02-02 23:24:22	\N	usf8z9j18q1qv6jf	\N	Le Willow Master Development Plan de ConocoPhillips Ltd est un projet ptrolier dans le nord-est de la Rserve Nationale de Ptrole en Alaska.\n\nLe projet comprend une srie d'infrastructures interconnectes qui seraient construites sur environ neuf ans, y compris jusqu' cinq sites de forage, ainsi que les installations et infrastructures ncessaires  lexploitation de ces sites (routes, ponts, oloducs, mine, piste datterrissage, etc.).\n\nLe projet devrait avoir une production maximale de 160 000 barils de ptrole par jour  au cours de sa dure de vie de 30 ans, produisant environ 586 millions de barils de ptrole.\n\nCe projet a reu laval du Bureau of Land Management (BLM) en Octobre 2020.	2020-01-01	 https://drive.google.com/drive/folders/1f1eJrBfsFa3ZgyFqNlF1Qt4JUdxkilIl	Finie	Climat/Environnement	Fait
94	Greenpeace attaque lEspagne 	2024-02-02 23:24:22	\N	usf8z9j18q1qv6jf	\N	Faisant suite  de nombreuses actions en justice similaires dans les pays europens, trois organisations non gouvernementales ont constat le non-respect par lEspagne de ses engagements internationaux.	2020-01-01	 https://drive.google.com/drive/folders/1ykkgtx3Z4JDk6ovVrcdrOSytIXJ2fgR6	En cours	Climat	Fait
95	QPC 2021 Marguerite P et a.	2024-02-02 23:24:22	\N	usf8z9j18q1qv6jf	\N	Une loi de 2019 modifie le rgime de protection de leau potable en rendant facultatif linstauration dun primtre de protection rapproch du point de captage. Cet assouplissement ne bnficie cependant pas  tous les propritaires concerns menacs dexpropriation et ce, pour des raisons de pure praticit administrative.	2021-01-01	https://drive.google.com/drive/folders/1AIJqrkR9AHf1CJLes4vcZziqv7uEL0it	Finie	Environnement	En cours
96	Australia Coal Mine - Rocky Hill	2024-02-02 23:24:22	\N	usf8z9j18q1qv6jf	\N	Le vendredi 8 fvrier 2019, le tribunal des affaires foncires et environnementales de lEtat de Nouvelle-Galles du Sud, dans lOuest de lAustralie a rejet le recours dune socit contre le refus du Ministre dapprouver son projet de mine de Rocky Hill.\nLa dcision rendue se distingue en particulier par le fait qu'elle ne s'appuie pas seulement sur les tudes d'impact local du projet de la socit, mais galement sur les rpercussions secondaires sur le rchauffement climatique lies  l'utilisation du charbon. Le juge tablit un lien direct entre lexploitation de la mine et laugmentation des GES.	2017-01-01	 https://drive.google.com/drive/folders/1ZstZa7OR24tbRJsmyVTQa73FRwo-mVTA	Finie	Environnement	Fait
97	Le Prsident Indonsien jug coupable pour ngligence dans la protection du droit  un air sain	2024-02-02 23:24:22	\N	usf8z9j18q1qv6jf	\N	Le Prsident indonsien Joko Widodo, dautres membres du gouvernement, ainsi que des lus locaux, ont t dclars coupables de ngligence dans le respect du droit des citoyens  respirer un air sain, par une dcision tribunal de Jakarta-Centre rendue le 16 septembre 2021. Alors que Jakarta demeure lune des villes les plus pollues du monde, linaction de ces personnalits a t reconnue comme une ngligence dans lenrayement de la pollution de lair de la capitale indonsienne. Aprs deux longues annes dinstance et huit reports de laffaire, les juges de Jakarta ont confirm le droit de tout citoyen  vivre dans un air sain, tout en condamnant les pouvoirs publics  prendre des mesures rigoureuses en la matire. Cette dcision de principe en faveur de la protection de lenvironnement sur le territoire indonsien, sinscrit dans la ligne dautres dcisions nationales o les juges mettent en uvre leurs pouvoirs de coercition afin de rprimer linertie des pouvoirs publics.	\N	 https://drive.google.com/drive/folders/12I_sDwCYeAjAw7ZGUmsJZS16MFRIfXtz	Finie	Climat	 faire
98	Collectif des maires anti-pesticides, requte 437815	2024-02-02 23:24:22	\N	usf8z9j18q1qv6jf	\N	Par une dcision du 26 juin 2019, le Conseil dEtat avait ordonn que les rgles dutilisation de pesticides soient compltes pour tre plus protectrices des populations. \nPar un dcret et un arrt du 27 dcembre 2019, le gouvernement avait alors dict de nouvelles rgles prcisant les conditions dlaboration des chartes dengagements par les utilisateurs de pesticides et fixant des distances minimales  respecter entre les zones de traitement et les zones dhabitation.	2019-01-01	https://drive.google.com/drive/folders/1xT6yOm9OxDgiy1VYgNbouhqdGEHvalhD	Finie	Environnement	 faire
99	Liberty Case Center for Biological Diversity v. Hilcorp	2024-02-02 23:24:22	\N	usf8z9j18q1qv6jf	\N	Hilcorp Alaska, LLC, ambitionne dextraire du ptrole brut  Foggy Island Bay, le long de la cte de l'Alaska dans la mer de Beaufort.  Ce projet  Liberty  serait le premier projet de dveloppement ptrolier entirement immerg dans les eaux fdrales amricaines. \n\nHilcorp estime que le site contient environ 120 millions de barils de ptrole rcuprable, qui serait extrait au cours de quinze  vingt ans.\n\nLe projet Liberty ncessite la construction dinfrastructures importantes (le de gravier au large, puits de forage, oloduc, plates-formes de gravier, plaques de glace, abri pour aroglisseur, quai pour bateaux, mine de gravier, routes de glace). \n\nLe site propos pour l'le de gravier se trouve au milieu du  boulder Patch , une zone isole de rochers et de galets qui abrite la seule fort de varech de l'Extrme-Arctique et produit une diversit d'espces et une biomasse inhabituelles. La baie abrite une multitude de mammifres marins menacs et en voie de disparition, notamment des ours polaires, six espces de baleines, trois espces de phoques, des lions de mer, des loutres de mer et des morses du Pacifique. Des oiseaux de mer, de nombreuses espces de poissons et de gros mammifres frquentent toutes les eaux peu profondes autour de la baie.	\N	 https://drive.google.com/drive/folders/1McCz8HwIJx9MfxumCrGsfquOSymiJNAR	Finie	Climat/Environnement	 faire
100	Standing Rock Sioux Tribe v. USACE	2024-02-02 23:24:22	\N	usf8z9j18q1qv6jf	\N	En juin 2016, Dakota Access LLC lana la construction dun oloduc, transportant de lhuile de schiste entre le Dakota du Nord et l'Illinois et traversant les Etats du Dakota du Nord et du Sud ; de lIowa et de lIllinois. La construction de loloduc fut acheve en avril 2017. Elle suscita des manifestations  travers tout le pays en raison de son impact sur lenvironnement et sur les pratiques religieuses des communauts locales, puisque le trac de loloduc devait traverser diffrents sites sacrs amrindiens.	2016-01-01	 https://drive.google.com/drive/folders/1oEiUMAtq2h4NZIUuI-4A40MFkE1VfM7T	En appel	Environnement	Fait
101	The Commonwealth of Massachusetts v Exxon Mobil Corporation 	2024-02-02 23:24:22	\N	usf8z9j18q1qv6jf	\N	En 2015, la presse internationale, et notamment The Guardian, The Los Angeles Times ou encore InsideClimateNews rvlent quExxon, quatrime entreprise la plus mettrice de gaz  effet de serre du monde depuis 1965, connaissait les risques causs par son activit sur le changement climatique depuis la fin des annes 1970. Dailleurs, deux anciens scientifiques dExxon auditionns par llue new-yorkaise Alexandria Ocasio-Cortez ont confirm lauthenticit de ces documents devant la Chambre des reprsentants fin 2019. Une tude de 2017 par Geoffrey Supran et Naomi Oreskes, historiens  luniversit de Harvard, est venue confirmer le dcalage entre les documents internes et la communication dExxon dans les ditoriaux ou publireportages sur 25 ans.	2015-01-01	 https://drive.google.com/drive/folders/1lulCEpivMntBMdByqBVTL52wt6TGTn9i	\N	Climat	 actualiser
102	Sal Luciano Lliuya c. RWE (Allemagne)	2024-02-02 23:24:22	\N	usf8z9j18q1qv6jf	\N	Cette affaire oppose Sal Luciano Lliuya, un agriculteur et guide de montagne pruvien, au groupe nergtique allemand RWE. Sal Luciano Lliuya, le demandeur, est soutenu par lONG allemande Germanwatch. Il vit dans la ville de Huaraz dans les Andes. Le changement climatique dans cette partie du Prou augmente le risque que de gros blocs de glace se dtachent des glaciers surplombant la ville et tombent dans le lac glaciaire Palcacocha situ au-dessus de Huaraz, crant un risque daugmentation du niveau du lac. Une telle monte des eaux aurait des consquences dvastatrices pour les habitants de Huaraz. Cela pourrait dclencher une vague d'inondations qui toucherait environ 50 000 personnes dans la partie basse de la ville, dont Sal Luciano Lliuya et sa famille. Dans sa plainte, Sal Luciano Lliuya demande que RWE, le plus grand metteur d'missions de CO2 en Europe, contribue au financement des mesures de protection du lac de Palcacocha dans un ordre de grandeur correspondant  la contribution de l'entreprise au changement climatique mondial (environ 0,5 %).	2015-01-01	 https://drive.google.com/drive/folders/1JNpsO-VKZHELL9_6YJ6ncspyGsZTFZ9E	En cours	Climat	 faire
103	Mise en demeure de BNP Parisbas 26-10-22	2024-02-02 23:24:22	\N	usf8z9j18q1qv6jf	\N	Avec une empreinte carbone suprieure  celle du territoire franais, BNP Paribas tait galement, entre 2016 et 2021, le premier financeur europen et cinquime mondial du dveloppement des nergies fossiles. Le gant bancaire est galement leader sur le secteur du ptrole et du gaz en Arctique,  limpact dvastateur sur les cosystmes ultra-sensibles.\n\nLa BNP entretient des liens forts avec les multinationales de lnergie fossile, notamment les 8 gants du ptrole et du gaz (tels que Total et Chevron) dont elle est le premier financeur mondial. Ces entreprises ont prvu plus de 200 nouveaux projets dnergies fossiles dici 2025, qui entraneraient lmission de 8,6 gigatonnes de CO2 supplmentaires dans latmosphre, soit lquivalent des missions sur toute leur dure de vie de 77 nouvelles centrales  charbon.	2022-01-01	 https://drive.google.com/drive/folders/16BuEkfGnq53aTu6Ksshm8hUh31j3XLFZ	En cours	Climat	 faire
104	Tribunal rgional de Varsovie (Pologne), Greenpeace c	2024-02-02 23:24:22	\N	usf8z9j18q1qv6jf	\N	Avec un secteur de llectricit dpendant trs majoritairement du charbon, la Pologne constitue lun des plus gros metteurs de carbone de lUnion europenne (UE). Alors que les autorits polonaises ont refus de se joindre  lobjectif de neutralit carbone pour 2050, adopt en dcembre 2019 par les pays membres de lUE, la socit civile se mobilise. \n\nPrs de 90 % de l'lectricit produite par Polska Grupa Energetyczna (PGE), la plus grande entreprise de services publics en Pologne, provient de la combustion du charbon. Selon une tude de PWC France publie en fvrier 2020, cette entreprise dEtat est le plus grand metteur de gaz  effet de serre en Pologne et le deuxime en Europe, aprs le groupe allemand RWE. La filiale GiEK extrait et brle entre 85% et 90% du charbon du pays et constitue son plus grand producteur d'lectricit. En 2018, les missions de carbone de cette filiale se sont leves  environ 57 millions de tonnes. Depuis lors, la socit a tabli d'autres usines de charbon  Opole et  Turw. En moyenne, GiEK gnre environ 20 % du total des missions annuelles de carbone de la Pologne.	2019-01-01	 https://drive.google.com/drive/folders/1Nvr4VWpUhDs4HODRkETAO_OGYJbtu2h9	En cours	Climat	 faire
105	Association Les Amis de la Terre	2024-02-02 23:24:22	\N	usf8z9j18q1qv6jf	\N	Le 4 aot 2021, le Conseil dEtat a rendu une dcision qualifie par beaucoup dhistorique en condamnant lEtat  payer 10 millions deuros  plusieurs organismes luttant contre la pollution de lair. Cette dcision fait suite  plusieurs annes dun contentieux judiciaire initi par lassociation Les Amis de la Terre, dans lequel le juge administratif a reconnu  plusieurs reprises linsuffisance de laction de lEtat pour lutter efficacement contre la pollution de lair, tout en lui imposant dagir. A dfaut daction, le Conseil dEtat avertissait le Gouvernement quune amende colossale de 10 millions deuros pourrait tre prononce par semestre de retard dans ladoption de mesures permettant de respecter les seuils fixs pour certaines particules polluantes. Nayant pas agi en ce sens, le juge a tenu promesse en le condamnant  payer une telle somme pour le premier semestre 2021.	2017-01-01	https://drive.google.com/drive/folders/1c22kgzUDulukUX-S4Ijfk6o09yJ22sZk	Finie	Environnement	 faire
106	Contentieux des arrts anti glyphosate	2024-02-02 23:24:22	\N	usf8z9j18q1qv6jf	\N	Entre aot et octobre 2019, huit arrts municipaux (concernant les communes de Tremblay-en-France, Saint-Denis, Lle Saint-Denis, Montfermeil, Sevran, Villemomble, Stains, Les Lilas) ont t adopts par des maires de Seine-Saint-Denis en vue dinterdire ou limiter lemploi du glyphosate et produits similaires sur le territoire de leur commune. Ces interdictions visaient lemploi de tels produits en vue du traitement des espaces verts et jardins, infrastructures ferroviaires, routires, terrains de sports et espaces publics et privs dont laccs est ferm au public ainsi quau sein des espaces de production alimentaire destine  la consommation humaine.\n\nLe Prfet de la Seine-Saint-Denis a, par la suite, saisi le juge des rfrs en vue dordonner la suspension de lexcution desdits arrts en fvrier 2020. La requte est fonde sur un moyen dincomptence ds lors que la rgulation de lemploi des produits phytopharmaceutiques constitue une police spciale en vertu du Code rural et de la pche, relevant de la comptence seule du ministre charg de lagriculture concernant leur utilisation et des ministres chargs de lagriculture, de la sant, de lenvironnement et de la consommation ou de celle du prfet de dpartement dans lequel ces produits sont utiliss concernant la rglementation de lutilisation de ces produits.\n\nEn application du Rglement 1107/2009 CE, seule lautorit administrative comptente est en capacit dencadrer lutilisation de tels produits dans certaines zones.\n\nA lencontre de cette argumentation, les communes ont soutenu que le caractre tardif de la requte et labsence de doute srieux quant  la lgalit des arrts contests ntaient pas de nature  emporter la suspension desdits arrts.	2019-01-01	https://drive.google.com/drive/folders/1SGBfHi_v1QYxRJn3xWmXpJ_N3_2logJV	Finie	Environnement	 faire
107	CC Sortir du nuclaire QPC 5 fvrier 2021	2024-02-02 23:24:22	\N	usf8z9j18q1qv6jf	\N	Les associations requrantes faisaient grief  larticle 1247 du code civil de fixer un seuil de gravit  la rparation du prjudice cologique. Ainsi, cette disposition mconnatrait les articles 3 et 4 de la Charte de l'environnement de 2004. Les associations soulevaient le moyen selon lequel les dispositions contestes mconnatraient les articles 1  et  2 de la Charte de l'environnement et l'objectif de valeur constitutionnelle de protection de l'environnement, ainsi que l'article 4 de la Dclaration des droits de l'homme et du citoyen de 1789. En outre, faute de dfinir ce que recouvre une atteinte non ngligeable, ces dispositions mconnatraient le principe de clart de la loi et l'objectif de valeur constitutionnelle d'accessibilit et d'intelligibilit de la loi. \nLe Conseil Constitutionnel, par la dcision n 2020-881 QPC du 5 fvrier 2021, a dclar conforme  la Constitution lexpression  non ngligeable  de larticle 1247 du code civil. Les Sages apportent une dfinition claire du prjudice cologique, mais restent laconiques sur la raison de la constitutionnalit de larticle 1247.	2021-01-01	 https://drive.google.com/drive/folders/1XDrssg49jq6rZu0mIKs0zMspNF5knblw	Finie	Environnement	Fait
\.


--
-- Data for Name: nc_e7nm___Decision; Type: TABLE DATA; Schema: public; Owner: postgres
--

COPY public."nc_e7nm___Decision" (id, "Abstract", created_at, updated_at, created_by, updated_by, "IntroductionDate", "DecisionDate", "Solution", "Comment") FROM stdin;
1	Annulation par une Cour Fdrale amricaine dune autorisation de projet de forage ptrolier en Alaska :\n- Ncessit de prise en compte des missions de gaz  effet de serre (GES) en aval de la production.\n- Loctroi dune concession ptrolire, ne donne pas au concessionnaire un droit absolu sur le territoire de la concession.\n- Les mesures dattnuation des consquences sur la biodiversit, en lespce les ours polaires, doivent tre prcises et spcifiques.	2024-02-03 09:39:37	\N	usf8z9j18q1qv6jf	\N	2020-12-12	2021-08-18	L'approbation par le BLM du projet Willow est annule pour les raisons suivantes :\n\n- GES en aval\nL'exclusion par le BLM dans son tude dimpact des missions de GES en aval (cest--dire mises post-extraction, lors de la combustion  ltranger) est arbitraire. Selon la Cour, "lAnalyse dImpact Environnemental du projet Willow "aurait d soit donner une estimation quantitative des missions de gaz  effet de serre en aval " qui rsulteraient de la consommation de ptrole  l'tranger, soit "expliquer plus prcisment pourquoi il n'aurait pas pu le faire " et fournir une discussion plus approfondie sur la faon dont la consommation trangre de ptrole pourrait modifier l'analyse des quivalents de dioxyde de carbone. \n\n- Droits du titulaire de la concession\nLe BLM a agi contrairement  la loi dans la mesure o il a dvelopp son analyse des alternatives en estimant que le concessionnaire, ConocoPhillips Ltd, avait un droit absolu d'extraire tout le ptrole et le gaz possible de ses concessions. La Cour affirme au contraire que - Un contrat de concession n'accorde pas au titulaire le droit absolu de forer o il le souhaite et n'empche pas catgoriquement le BLM d'envisager des scnarios de dveloppement alternatifs.\n\n- Analyse dimpact sur la biodiversit\nLanalyse dimpact sur la biodiversit rdige par les services de protection de la faune et de la flore est annule car elle ne propose aucune mesure dattnuation  spcifiques, raisonnables et prudentes   et nnonce pas  les termes et conditions qui doivent tre respects  pour leur mise en uvre. En consquence, lautorisation donne par le BLM, fonde sur cette analyse dimpact est arbitraire et illgale. \n\nPar ailleurs, la Cour ajoute que le BLM n'a pas non plus analys de manire adquate une gamme raisonnable d'alternatives pour le projet Willow - un processus qui doit tre "au cur de l'tude d'impact environnemental". 	Fin 2020, les demandeurs, des ONG de protection de lenvironnement, engagent des actions en justice afin dempcher le concessionnaire, la socit ConocoPhillips Ltd d'entreprendre certaines activits de construction  l'hiver 2020-2021 dans le cadre du Projet Willow. \n\nLe 6 fvrier 2021, la prsente Cour met une injonction temporaire interdisant certaines activits de construction pour une priode pouvant aller jusqu' deux semaines. Par la suite, les parties ont prvu de prolonger l'injonction temporaire jusqu'au 1er dcembre 2021.
2	Le 26 janvier 2017, Sal Luciano Lliuya se pourvoit en appel devant le Tribunal rgional suprieur de Hamm.	2024-02-03 09:39:37	\N	usf8z9j18q1qv6jf	\N	2017-01-26	\N	En appel, le Tribunal rgional suprieur de Hamm a, quant  lui, rejet cette interprtation. Il a reconnu qu'une entreprise prive peut, en principe, tre responsable de dommages rsultant du changement climatique. Cela s'applique si les dommages ou risques concrets pour les personnes prives ou leurs biens peuvent tre partiellement attribus aux activits de l'entreprise concerne.	Lors de l'audience du 13 novembre 2017, le Tribunal rgional suprieur de Hamm accepte dentendre l'affaire contre RWE. Avec cette dcision, un tribunal reconnat pour la premire fois qu'une entreprise prive peut, en principe, tre tenue responsable des dommages climatiques quelle cause. Cela s'applique si des dommages concrets ou des risques pour des personnes prives ou leurs biens peuvent tre attribus en partie aux activits de l'entreprise concerne. \n\nLe 30 novembre 2017, le Tribunal rgional suprieur de Hamm dcide que l'affaire peut formellement passer  l'tape suivante, cest--dire  ltape de la collecte et de la discussion des preuves. Le demandeur doit apporter la preuve de ses revendications devant le tribunal.\n\nEn fvrier et mars 2018, le Tribunal rgional suprieur de Hamm rejette deux objections  la dcision d'administration des preuves formules par les avocats de RWE et dclare une fois de plus que les entreprises peuvent tre tenues responsables des dommages climatiques quelles causent.\n\nA la suite du dsaccord entre les parties quant au choix des experts pour cette affaire, le Tribunal rgional suprieur de Hamm nomme des experts en septembre 2018. Ces experts doivent mettre un avis sur la question de savoir s'il existe ou non une menace srieuse de dommage  la proprit du demandeur. En cas de rponse positive  cette question, le Tribunal devra dterminer dans quelle mesure le changement climatique et les missions de CO rejetes par RWE ont contribu  cette menace.\n\nEn 2019, le Tribunal rgional suprieur de Hamm soumet une demande  l'tat pruvien pour tre autoris  inspecter les sites litigieux  Huaraz.\n\nUne visite des juges et experts devait avoir lieu  Huaraz en 2020 mais a d tre reporte en raison de la crise du Covid-19 et des restrictions qui en dcoulent. Elle a finalement lieu en mai 2022. La procdure est toujours en cours.
3	Les tribus amrindiennes Standing Rock et Cheyenne contestent loctroi par lUS Army Corp of Engineers (USACE) de la servitude permettant  loloduc Dakota Access de traverser le lac Oahe. Il est reproch  lUSACE davoir octroy cette servitude sans tablir un environmental impact statement ou EIS (tude dimpact environnementale), pourtant requis lorsquune construction affecte significativement lenvironnement. La US District Court for DC (cour fdrale du premier degr) a annul la dcision daccorder  loloduc Dakota Access une servitude sur le lac Oahe et a ordonn sa fermeture sous 30 jours.	2024-02-03 09:39:37	\N	usf8z9j18q1qv6jf	\N	2016-07-25	2020-07-20	La Cour annule la dcision daccorder  loloduc Dakota Access une servitude sur le lac Oahe et ordonne sa fermeture sous 30 jours.	[raisonnement] Aux Etats-Unis, en matire de dcision administrative illgale, il est dusage que le juge annule la dcision. Lannulation est la sanction classique pour les actes adopts en violation du NEPA. Cependant, lannulation nest pas systmatique. Elle doit tre prcde par une analyse de la gravit de lillgalit et des consquences de lannulation.\n\nPour ce qui est de la premire partie de lanalyse qui concerne la gravit de lillgalit, la Cour considre que lUSACE na pas justifi son choix de ne pas adopter dEIS et quil napporte aucune justification convaincante  cette situation.\n\nLa deuxime partie de lanalyse est plus dlicate. La Cour est appele  confronter des considrations conomiques et environnementales. Parmi elles : limpact de lannulation de la dcision sur lindustrie du ptrole, sur la sant, sur lenvironnement, ainsi que sur le recours au train pour transporter le ptrole au lieu de loloduc. La Cour conclut que compte tenu de la gravit de lerreur de lUSACE ; de limpossibilit dadopter des mesures correctives ; le fait que Dakota Access a assum une grande partie de son risque conomique en connaissance de cause ; et les dommages potentiels existant chaque jour o l'oloduc est exploit, il est ncessaire de prononcer lannulation de la dcision de lUSACE.\n\nLe 5 aot 2020, lUS Court of Appeals for the DC Circuit a ordonn la suspension de la dcision de fermeture de lOloduc afin de laisser le temps aux parties de prsenter leurs arguments et  la Cour, de se prononcer sur laffaire.
4	Le Comit des droits de lenfant considre que la crise climatique menace gravement lexercice des droits protgs par la Convention [relative aux droits de lenfant]. Il affirme quil est comptent pour statuer sur des atteintes transfrontalires, mais que la communication est, en lespce, irrecevable pour non-puisement des recours internes.	2024-02-03 09:39:37	\N	usf8z9j18q1qv6jf	\N	2019-09-23	2021-09-22	Le comit des droits de lenfants considre que la crise climatique menace gravement lexercice des droits protgs par la Conventions. Il affirme quil est comptent pour statuer sur des atteintes transfrontalires, mais que la communication est, en l'espce, irrecevable pour non-puisement  des recours internes.	Sur la question de recevabilit -\n\nLes auteurs de la communication maintiennent,\nque le Comit est comptent parce que les enfants sont directement lss par les missions de gaz  effet de serre provenant du territoire des dfendeurs;\nque ces atteintes taient prvisibles;\nque les demandes sont manifestement fondes parce que les enfants subissent actuellement des prjudices directs et personnels et continueront de le faire dans un avenir prvisible; et\nqu'il serait vain d'exercer des recours internes, particulirement en considration de lurgence.\n\nSur le fond -\n\nLes auteurs de la communication demandent au CED de dclarer que  La crise climatique est une crise des droits de l'enfant  et que la Convention  oblige les nations  respecter, protger et raliser le droit inalinable  la vie des enfants, dont dcoulent tous les autres droits. L'attnuation du changement climatique est un impratif des droits de l'homme. \n\nLes enfants se dclarent tous individuellement victimes de violations de leurs droits reconnus par les articles 6 (droit  la vie), 24 (droit  la sant) et 30 (droit  sa propre vie culturelle), lus conjointement avec larticle 3 (intrt suprieur de lenfant) de la Convention, mais affirment galement la valeur universelle de la reconnaissance des droits humains et de lenfant.\n\nIls affirment  que les tats parties ont manqu  quatre obligations en droit international\nobligation de prvenir les violations prvisibles des droits de l'enfant nationales et extraterritoriales rsultant du changement climatique ; \nobligation de cooprer au niveau international face  l'urgence climatique mondiale ; \nobligation dappliquer le principe de prcaution pour viter des consquences mortelles mme face  l'incertitude ; \nobligation dassurer la justice intergnrationnelle pour les enfants et la postrit.\n\nLes ptitionnaires allguent que les tats dfendeurs ont chou, en toute connaissance de cause,  prvenir les atteintes aux droits de l'enfant causes par le changement climatique en procdant  des rductions insuffisantes et tardives des missions de gaz  effet de serre.
5	Le 15 septembre 2020, trois organisations non gouvernementales, Greenpeace Espagne, Oxfam Intermn et Ecologistas en Accin, ont assign lEtat espagnol en justice pour son manque dambition en matire climatique.	2024-02-03 09:39:37	\N	usf8z9j18q1qv6jf	\N	2020-09-15	\N	Laffaire est pendante devant la Cour suprme.	Le 15 septembre 2020, Greenpeace Espagne, Oxfam Intermn et Ecologistas en Accin ont saisi la Cour suprme dEspagne afin de condamner lEspagne pour son inactivit dans la lutte contre le rchauffement climatique.\n\nLe 30 septembre 2020, la Cour suprme a admis la requte et a demand au ministre de la prsidence de prsenter son dossier administratif dans un dlai de 20 jours.
6	Ordonnance de mise en tat	2024-02-03 09:39:37	\N	usf8z9j18q1qv6jf	\N	2020-01-18	2021-02-18	Condamnation de la SE Total  payer aux parties dfenderesses la somme globale de 6 000  en application de larticle 700 du code de procdure civile	\N
7	Le vendredi 8 fvrier 2019, le tribunal des affaires foncires et environnementales de lEtat de Nouvelle-Galles du Sud, dans lOuest de lAustralie a rejet le projet de mine de Rocky Hill. Cest le juge Brian Preston qui a rendu cette dcision.	2024-02-03 09:39:37	\N	usf8z9j18q1qv6jf	\N	2017-12-19	2019-02-08	Le tribunal a rejet le recours d'une entreprise contre le refus des autorits d'autoriser son projet de mine Rocky Hill.\n\nLe juge Brian Preston a considr que le projet survenait :\n1- "Au mauvais endroit parce qu'une mine de charbon  ciel ouvert dans ce paysage spectaculaire et culturel [...] aura des impacts importants visuellement, socialement et en fait d'amnagements."\n> Le juge a pris en compte non seulement les impacts sur le climat mais aussi sur lcosystme dans lequel devait s'insrer la mine. Il a tudi les consquences sur la faune et la flore environnantes mais aussi sur les populations et les activits autour de la mine.\n2- "Au mauvais moment parce que les missions de gaz  effet de serre (GES) de la mine de charbon et des produits du charbon accrotront les concentrations mondiales de GES au moment o ce qui est ncessaire et urgent, pour atteindre les objectifs climatiques qui ont t agrs, est une baisse rapide et profonde des missions de GES."\n> Le juge a tabli un lien direct entre lexploitation de la mine et laugmentation des missions de GES.\nLa dcision se distingue en particulier par le fait qu'elle ne s'appuie pas seulement sur les tudes d'impact local du projet de la socit Gloucester Resources, mais aussi sur les rpercussions secondaires sur le rchauffement climatique lies  l'utilisation du charbon.\n\nLe juge a soutenu que "Toutes les ressources naturelles ne doivent pas ncessairement tre exploites."\n\nCette dcision ouvre un contentieux climatique en Australie et joue un rle galement moteur dans la justice climatique mondiale.	Le juge a soutenu que "Toutes les ressources naturelles ne doivent pas ncessairement tre exploites." Il semblerait intressant dclairer cette remarque avec la doctrine du Public Trust qui veut que lEtat protge les ressources naturelles, attention, le juge ny fait pas rfrence dans cette dcision.
8	Suite au rejet de leurs demandes, les requrantes font appel auprs de la Cour dappel de lAngleterre et du pays de Galles.	2024-02-03 09:39:37	\N	usf8z9j18q1qv6jf	\N	\N	2020-02-27	Le 27 fvrier 2020, la Cour dappel dAngleterre et du Pays de Galles a invalid la dclaration de politique nationale relative aux aroports (ANPS) rdige en 2018 et qui permettait notamment de lancer le projet de construction dune 3me piste  laroport londonien dHeathrow. Lillgalit releve par la Cour tait labsence de prise en compte dans lANPS de lAccord de Paris de 2015.\n\nLautorit administrative devra donc revoir sa dclaration et y expliquer comment elle prend en compte lAccord de Paris et les engagements pris par le Royaume-Uni, mme si elle nest pas tenue de sy conformer.	Si cet accord na pas de caractre contraignant dans lordre interne du Royaume-Uni, sa prise en compte est rendue obligatoire dune part par leffet dune loi interne, le Planning Act, et dautre part du fait de la directive europenne de 2001 sur les valuations stratgiques environnementales (ESE).
9	Les requrants sont victimes et familles de victimes de glissements de terrains dans la rgion de Bududa, en Ouganda. Les requrants saisissent la Haute Cour du pays. Ils contestent la carence des autorits locales et nationales dans ladoption de mesures permettant de prvenir ou limiter les consquences de ces glissements de terrain sur les droits fondamentaux  la vie.	2024-02-03 09:39:37	\N	usf8z9j18q1qv6jf	\N	2019-12-03	\N	Pour lheure, la procdure suit son cours. Aucun jugement na, pour linstant, t rendu.	Les requrants soulvent les atteintes  plusieurs de leurs droits fondamentaux :\n\nLe droit  la vie de larticle 221 de la Constitution Ougandaise aurait t viol en consquence des glissements de terrain. Les destructions de proprits conscutives aux glissements de terrain constitueraient une atteinte au droit de proprit de larticle 26 de la Constitution ougandaise. Les consquences des glissements de terrain seraient constitutives dune atteinte au droit  un environnement sain garanti par larticle 39 de la Constitution ougandaise. Parmi elles : les pertes conomiques, la disparition des conditions propres  assurer un environnement sain et sr  la population du comt, les blessures physiques et psychologiques.\n\nLes demandeurs font valoir que la Constitution Ougandaise impose au Gouvernement dadopter les mesures ncessaires pour faire face aux catastrophes naturelles.\n\ngalement, daprs les requrants, le droit international impose aux dfendeurs dadopter les mesures ncessaires propres  prvenir et limiter les consquences des catastrophes naturelles ;  protger le droit de proprit, le droit  la vie, le droit  un environnement sain et le droit  la sant physique et mentale.\n\nEnfin, ils soulvent le fait que ces situations sont susceptibles de se renouveler et de saggraver en raison des changements de modles de prcipitations et des vnements climatiques extrmes ds au changement climatique.\n\nLes requrants demandent  la Haute Cour la rparation des dommages causs.
10	Plusieurs recours ont t dposs par des requrant ayant pour objet la dfense de lenvironnement et la lutte contre le changement climatique, ainsi que des autorits locales de lagglomration londonienne, contre le secrtaire dtat au transport, autorit responsable de la politique en matire daroports et de la rdaction de lANPS (Airports National Policy Statement).	2024-02-03 09:39:37	\N	usf8z9j18q1qv6jf	\N	\N	2019-05-01	Ayant t dboutes en mai 2019 en premire instance devant la Haute Cour, les requrantes ont interjet appel auprs de la Cour dappel de lAngleterre et du pays de Galles.	\N
11	La socit opratrice de laroport dHeathrow a dpos un recours, qui a t jug recevable, auprs de la Cour suprme contre cette dcision.	2024-02-03 09:39:37	\N	usf8z9j18q1qv6jf	\N	\N	\N	\N	\N
12	Greenpeace mne en Pologne une campagne globale de lutte contre la crise climatique et cherche  acclrer la dcarbonisation du pays. Le 11 mars 2020, lONG a dpos un recours contre la filiale GiEK devant le tribunal rgional de Varsovie (d), pour exiger de lentreprise publique la rduction de ses missions de gaz  effet de serre. Greenpeace demande  lentreprise de cesser tout nouvel investissement dans les combustibles fossiles et de parvenir aux missions zro de ses centrales  charbon existantes dici 2030.	2024-02-03 09:39:37	\N	usf8z9j18q1qv6jf	\N	2020-03-11	\N	Laffaire est en cours, aucune dcision na t rendue  lheure actuelle. Dans un premier temps, les juges doivent se pencher sur la recevabilit de la plainte.	Concernant la recevabilit de la plainte, Milosz Jakubowski, un juriste collaborant avec Greenpeace, a prcis  lAgence-France-Presse (AFP) quune telle plainte devrait tre recevable mme si lentreprise vise avait obtenu les permis ncessaires pour ses activits.\nLe contexte polonais peut tre clairant quant  la suite qui sera donne  cette affaire par les juges. \nDune part, cette affaire constitue le troisime procs intent  lencontre de lentreprise PGE. Dans laffaire pendante ClientEarth v. Polska Grupa Energetyczna, lorganisation de protection de l'environnement a demand devant les juges polonais, en dcembre 2019, que la PGE GEiK cesse de brler du charbon dans son usine de charbon de Belchatow ou limine compltement les missions de CO2 de l'usine au plus tard en 2035. ClientEarth a galement fond sa requte sur larticle 232 de la loi sur la protection de l'environnement. A la diffrence de Greenpeace, ClientEarth a non seulement invoqu lalina 1 mais aussi l'alina 2 qui considre l'environnement comme un bien commun.\n\nDautre part, les inquitantes menaces qui psent aujourdhui sur l'tat de droit polonais constituent galement une cl danalyse. Dans ses conclusions de juin 2019, la Cour de justice de lUnion europenne a estim que les dispositions de la loi polonaise portant modification de la loi sur l'organisation des juridictions de droit commun sont contraires au droit de l'UE, enfreignent le principe de l'inamovibilit des juges et par consquent le principe de l'indpendance de la justice.
13	Le 26 octobre 2022, Oxfam, Les Amis de la Terre et Notre Affaire  Tous (les demandeurs) ont mis en demeure la BNP Parisbas (le dfendeur) de se conformer  la Loi sur le devoir de vigilance, en cessant immdiatement de soutenir financirement les nouveaux projets dnergies fossiles et de se conformer  lobjectif de limiter le rchauffement global  1,5 C. \n\nLe dfendeur a trois mois pour rpondre. En janvier 2023, en labsence de rponse satisfaisante de sa part, les demandeurs pourront assigner le dfendeur devant le Tribunal Judiciaire de Paris.	2024-02-03 09:39:37	\N	usf8z9j18q1qv6jf	\N	2022-10-26	\N	\N	\N
14	Cinq ONG de protection de lenvironnement, diriges par le Center for Biological Diversity (CBD) ont dpos une requte auprs de la Ninth Circuit Court of Appeals demandant la rvision de la dcision du Bureau of Ocean Energy Management (BOEM) d'approuver le plan de dveloppement soumis par Hilcorp pour le projet Liberty. \n\nIls demandent galement la rvision de lanalyse dimpact sur la biodiversit des services de protection de la faune et de la flore (US Fish and Wildlife Service -FWS) pour la construction et l'exploitation du projet.	2024-02-03 09:39:37	\N	usf8z9j18q1qv6jf	\N	\N	2020-12-07	Annulation dune autorisation de forage en Alaska par la Cour dAppel du 9eme Circuit.\n\nLes missions de gaz  effet de serre (GES) produites par la combustion  ltranger doivent tre prises en compte dans lanalyse dimpact environnemental dun projet extractif aux Etats-Unis.\nLes mesures dattnuation des effets du projet afin de prserver la biodiversit doivent tre prcises, spcifiques, et contraignantes et engager les ressources ncessaires.	Larrt Liberty confirme des principes essentiels concernant la teneur des analyses dimpact environnemental effectues par les agences tatiques dans le cadre des autorisations de concessions de forages. Il sera suivi moins dun an plus tard par le jugement Willow, de la Fdral District Court de lAlaska qui le consolide, dans une affaire concernant lanalyse dimpact faite par le Bureau of Land Management (BLM).\n\nEn particulier, ces deux jugements prcisent que des prvisions concernant les missions de GES causes par la consommation dhydrocarbures exports doivent tre prises en compte dans lanalyse dimpact environnemental. \nIl est intressant de noter que la Cour a soulign dans Liberty que lagence tatique est en droit de modifier sa dcision relative  lautorisation de forage, mme  une date ultrieure, dans le cas o les prvisions concernant les missions  ltranger indiqueraient des missions importantes. \n\nLa Cour Suprme norvgienne a adopt la mme approche dans un jugement de Dcembre 2020 en soulignant que les autorits avaient  le droit et le devoir  de ne pas approuver un plan dexploitation si les considrations envers lenvironnement, dont les missions  ltranger, indiquent  ce moment l, une violation de la Constitution (droit a un environnement sain), et cela mme dans le cas ou les exploitants auraient dj engags des investissement sur ces sites au stade de lexploration.
15	Par cet arrt, le Conseil dEtat juge que les dispositions rglementaires en vigueur ne permettent pas de garantir que l'utilisation de pesticides sera systmatiquement encadre voire interdite dans les sites terrestres Natura 2000, en mconnaissance des exigences de la directive du 21 octobre 2009 instaurant un cadre d'action communautaire pour parvenir  une utilisation des pesticides compatible avec le dveloppement durable. Il ordonne au gouvernement dagir dans les 6 mois pour rduire lutilisation des pesticides dans les sites Natura 2000. 	2024-02-03 09:39:37	\N	usf8z9j18q1qv6jf	\N	2020-01-13	2021-11-15	Le Conseil dEtat enjoint au gouvernement de prendre de telles mesures dans un dlai de six mois, soit dici le 15 mai 2022.	\N
16	Le 20 avril 2020, le juge des rfrs du Conseil dEtat a rendu une ordonnance dans laquelle il constate labsence de carence du gouvernement dans la protection du droit  la vie et  la sant, dans une affaire dans laquelle le demandeur lui reprochait de ne pas avoir appliqu larrt du 7 avril 2016 qui prescrit des mesures de restriction des pandages en cas de pic de pollution et de dpassement des seuils dalerte.	2024-02-03 09:39:37	\N	usf8z9j18q1qv6jf	\N	2020-03-17	2020-04-20	Par une ordonnance rendue le 20 avril 2020, le Conseil dEtat dboute lassociation qui na pas dmontr la ncessit de prendre des mesures complmentaires : on ne peut reprocher au gouvernement sa carence dans lapplication de larrt du 7 avril 2016.\nLe juge des rfrs rappelle cependant quil incombe  ladministration  de faire preuve dune vigilance particulire dans le contexte actuel dtat durgence sanitaire en veillant  ce que soit pris, au besoin prventivement en cas de menace avre de franchissement des seuils, des mesures propres  viter la survenue ou au moins  rduire la dure des pisodes de franchissement des seuils, notamment en limitant les pratiques agricoles polluantes . Cest sous la rserve que ltat assure strictement ses obligations, y compris de manire prventive, que le juge a rejet la demande de lassociation.	Le Gouvernement a-t-il port une atteinte grave et manifestement illgale au droit  la vie et au droit  la protection de la sant en sabstenant dappliquer larrt du 7 avril 2016 qui restreint les pandages agricoles ?
17	L' association Les Amis de la Terre formule une demande auprs du Gouvernement afin quil agisse pour lutter contre la pollution de lair et quil respecte la Directive 2008/50/CE du Parlement europen et du Conseil du 21 mai 2008 concernant la qualit de lair ambiant et un air pur pour lEurope, notamment dans plusieurs grandes villes telles que Paris, Marseille ou Lyon. Le rejet implicite de cette demande avait incit lassociation  exercer un recours pour excs de pouvoir devant le juge administratif, dans le but dobtenir du juge quil annule ces dcisions de rejet, et enjoigne au Premier ministre et ministres comptents dagir.	2024-02-03 09:39:37	\N	usf8z9j18q1qv6jf	\N	\N	2017-07-12	\N	\N
18	L'association Les Amis de la Terre, constatant lirrespect de la dcision du Conseil dEtat par le Gouvernement franais, est repasse  loffensive, et a permis ladoption dune nouvelle dcision plusieurs fois qualifie dhistorique : celle du 10 juillet 2020 par laquelle la Haute juridiction venait constater linsuffisance des mesures adoptes, et condamner ltat  agir en suivant les mesures prises par le juge administratif pour rduire la pollution de l'air dans huit zones gographiques sous une astreinte de 10 millions deuros par semestre de retard, soit 54 000 par jour de retard	2024-02-03 09:39:37	\N	usf8z9j18q1qv6jf	\N	\N	2020-07-10	\N	\N
19	Le 24 novembre 2015, Sal Luciano Lliuya dpose une plainte civile contre RWE devant le Tribunal rgional d'Essen en Allemagne. En dcembre 2015, le Tribunal rgional d'Essen classifie l'affaire comme tant d'importance fondamentale.\n\nLe 15 dcembre 2016, le Tribunal rgional d'Essen rejette la demande en raison de labsence de causalit juridique. Il admet nanmoins la possibilit dune causalit scientifique.	2024-02-03 09:39:37	\N	usf8z9j18q1qv6jf	\N	2015-11-24	2016-12-15	Le Tribunal rgional d'Essen rejette la demande en raison de labsence de causalit juridique. Il admet nanmoins la possibilit dune causalit scientifique.\n\nLors de son rejet de l'affaire en premire instance, le Tribunal rgional d'Essen a ni l'existence d'un lien de causalit juridiquement pertinent entre les missions de gaz  effet de serre de RWE et la mise en danger des biens du demandeur. En substance, le tribunal a fait valoir que les processus du changement climatique et ses consquences sont si complexes qu'il n'est pas possible en pratique de prouver un lien de causalit individuel entre les missions de CO2 de certains metteurs et des impacts spcifiques du changement climatique. Le tribunal a galement fait valoir, en se rfrant au principe d'adquation, qu'il existe de nombreux contributeurs  la charge globale de gaz  effet de serre dans l'atmosphre et que, par consquent, la part d'un metteur unique n'est pas pertinente pour les impacts spcifiques du changement climatique causs.	\N
20	Lassociation Les Amis de la Terre et autres associations requrantes ont demand au Conseil dEtat, par mmoire enregistr le 25 mars 2021, de constater que les deux dcisions du 12 juillet 2017, et du 10 juillet 2020, nont pas t pleinement excute au terme du dlai de 6 mois octroy au Gouvernement par le Conseil dEtat. Elles demandent galement une majoration de lastreinte de 10 millions,  20 millions deuros par semestre de retard, en plus de procder  la liquidation de lastreinte prononce en juillet 2020.	2024-02-03 09:39:37	\N	usf8z9j18q1qv6jf	\N	\N	2021-08-04	La dcision rendue par le Conseil dEtat le 4 aot 2021 tmoigne dune certaine constance dans la prise de position forte adopte par le juge administratif face  linaction de lEtat en matire de pollution de lair. Cette pression exerce sur les gouvernants trouve un cho dautant plus fort au regard des dcisions rendues dans le cadre de laffaire Grande Synthe, ou encore de lAffaire du sicle, constatant la carence fautive de lEtat en matire de lutte contre le changement climatique et lui imposant dagir.	Quen penser ? Certes, la condamnation de lEtat servira  financer les activits de plusieurs organismes ddis  ltude et  la lutte contre la pollution de lair, ainsi qu lamlioration de la qualit de lair. Pourtant, certaines ONG craignent que cela amne lEtat  rduire proportionnellement le budget allou  ces organismes, qui, sils sont indpendants, vivent largement grce  ces subventions. Ces ONG prconisaient ainsi plutt la mise en place dun fonds spcifique pouvant financer des projets ddis  la lutte contre la pollution de lair afin dviter de telles drives.
21	La requrante Marguerite P a saisi le Conseil dEtat dune QPC quil a transmise au Conseil constitutionnel le 19 novembre 2020.	2024-02-03 09:39:37	\N	usf8z9j18q1qv6jf	\N	2020-11-19	2021-02-12	La distinction entre les terrains concerns par une procdure dmarre le jour de la publication de la loi et ceux qui bnficient de lassouplissement des rgles de protections des points de captage deau potable vise uniquement  dispenser les personnes publiques ayant engag une procdure d'instauration de primtres avant la publication de la loi d'avoir  la reprendre pour la complter. Ce motif, sans objet avec la mesure, ne permet donc pas de justifier une diffrence de traitement par la loi, qui est donc inconstitutionnelle au regard de larticle 6 de la DDHC.\n\nLe paragraphe concernant lexclusion des requrants du champ dapplication de la loi de 2019 est ainsi censur par le Conseil constitutionnel.	La diffrence de situation instaure par la loi de 2019 modifiant le systme de sant est-elle justifie au regard de lobjet de la loi et proportionne  lobjectif recherch ?
22	Alors que lautorisation europenne du glyphosate a fait lobjet dune prolongation jusquen 2020, le calendrier dune ventuelle interdiction anticipe dutilisation en France demeure incertain. Dans ce cadre, des lus locaux sont intervenus afin dinterdire lpandage sur le territoire de la commune.\n\nLes huit dcisions examines ici concernent huit communes du dpartement de la Seine-Saint-Denis. Si lissue en est variable en raison des spcificits des arrts concerns, le tribunal laisse pour autant ouverte la possibilit dune telle action si tant est que des circonstances locales particulires soient tablies. Nanmoins, il convient de noter que depuis ladoption des arrts, des mesures de police spciale ont t prises en vue de protger les populations par le biais du dcret N2019-1500 et de larrt du 27 dcembre 2019. Ainsi, de telles mesures de police spciale pourraient dsormais remettre en cause la capacit dintervention des lus.\n	2024-02-03 09:39:37	\N	usf8z9j18q1qv6jf	\N	\N	2020-03-03	\N	\N
23	Les textes attaqus ont fait lobjet de 10 requtes distinctes, introduites entre le 21 janvier 2020 et le 23 aot 2020. Ces requtes prsentant  juger des questions semblables, le Conseil dEtat les a jointes pour statuer par une seule dcision.\nLa commune de Bgles a t galement admise  intervenir  linstance.	2024-02-03 09:39:37	\N	usf8z9j18q1qv6jf	\N	\N	2021-07-26	Le Conseil dEtat a jug que les nouvelles dispositions demeurent insuffisantes et partant, illgales, sur trois points : \nen tant quelles fixent, sagissant des cultures basses,  5 mtres la distance minimale dpandage des produits dont la toxicit nest que suspecte, et ce alors que lAgence nationale de scurit sanitaire de lalimentation, de lenvironnement et du travail (ANSES) recommande une distance minimale de 10 mtres entre les habitations et les zones dpandage de tout produit class cancrogne, mutagne ou toxique, sans distinguer si leurs effets sont avrs, prsums ou seulement suspects ; \nen tant quelles ne prvoient aucune mesure de protection pour les personnes travaillant  proximit des zones dutilisation de pesticides ; \nen tant quelles nassurent pas une protection des personnes habitant  proximit des zones susceptibles dtre traites et des personnes prsentes, faute dimposer que les chartes prvoient linformation de ces personnes pralablement  lutilisation de pesticides. \nLe Conseil dEtat ordonne au gouvernement de complter la rglementation sur ces trois points, dans un dlai de six mois.	Le recours portait principalement sur la question de savoir si les nouvelles dispositions rglementaires en matire de distances minimales et de conditions dlaboration des chartes taient suffisamment protectrices pour les riverains et les travailleurs, au regard notamment des exigences de la directive du 21 octobre 2009 instaurant un cadre daction communautaire pour parvenir  une utilisation de pesticides compatible avec le dveloppement durable et du principe de prcaution.
24	Aprs un arrt pris  son encontre quant  son obligation de quitter le territoire franais (OQTF) un Bengladais a saisi la justice franaise  travers un recours pour excs de pouvoir. Celui-ci sest vu autoris  rester sur le territoire Franais, car la justice a estim que sa sant  tait incompatible avec la pollution de lair de son pays.	2024-02-03 09:39:37	\N	usf8z9j18q1qv6jf	\N	2020-06-05	2020-12-18	La Cour d'appel de Bordeaux confirme la dcision du tribunal administratif de Toulouse annulant l'OQTF.	De faon indite, une cour a considr que le requrant ne pouvait tre regard comme pouvant jouir d'un traitement appropri au Bangladesh. La Cour ajoute que, dans ce pays,  le taux de particules fines de polluants est l'un des plus levs au monde, la mortalit lie  l'asthme est de 12,92 pour 100 000 habitants contre 0,82 en France. Le requrant se trouverait ainsi, en cas de renvoi dans son pays d'origine, expos  un risque d'aggravation de son tat de sant et  une mort prmature.\n\nDans cette dcision, la Cour va plus loin puisqu'elle apprcie loffre de soins et les caractristiques du systme de sant bangladais. Elle a pris en compte le niveau de pollution au Bangladesh, lment qui navait pas t intgr par le tribunal administratif tel quelle le souligne en indiquant quil se trouverait confront dans son pays d'origine  la fois  une aggravation de sa pathologie respiratoire en raison de la pollution atmosphrique,  des risques d'interruption d'un traitement moins bien adapt  son tat de sant, et  des dysfonctionnements de l'appareil respiratoire dont il a un besoin vital.
25	A travers cette dcision, le Conseil Constitutionnel donne une dfinition prcise du prjudice cologique rparable. Les sages confirment que les termes  non ngligeables  de larticle 1247 du Code civil, sont bien conformes  la Constitution. 	2024-02-03 09:39:37	\N	usf8z9j18q1qv6jf	\N	\N	2021-02-05	Le Conseil Constitutionnel, par la dcision n 2020-881 QPC du 5 fvrier 2021, a dclar conforme  la Constitution lexpression  non ngligeable  de larticle 1247 du code civil. Les Sages apportent une dfinition claire du prjudice cologique, mais restent laconiques sur la raison de la constitutionnalit de larticle 1247.	\N
26	Des particuliers et des associations ont saisi le Tribunal europen de Luxembourg le lundi 4 mars 2019 dun recours en annulation contestant le traitement de la biomasse forestire en tant que carburant renouvelable dans la Directive de 2018 sur les nergies renouvelables rvise de l'Union europenne (UE) (connue sous le nom de RED II). Les demandeurs soutenaient que RED II acclrera la dvastation gnralise des forts et augmentera considrablement les missions de gaz  effet de serre sans tenir compte des missions de CO2 provenant de la combustion de bois.\nLe tribunal a rejet le recours pour irrecevabilit.	2024-02-03 09:39:37	\N	usf8z9j18q1qv6jf	\N	2019-03-04	2021-01-14	Le tribunal a rejet le recours pour irrecevabilit.	\N
\.


--
-- Data for Name: nc_e7nm___Resource; Type: TABLE DATA; Schema: public; Owner: postgres
--

COPY public."nc_e7nm___Resource" (id, "Name", created_at, updated_at, created_by, updated_by, "Url", "ResourceType") FROM stdin;
1	12	2024-02-03 09:45:11	\N	usf8z9j18q1qv6jf	\N	https://notreaffaireatous.org/numero-12-de-la-newsletter-des-affaires-climatiques-ecocide-loccasion-manquee/	Newsletter
2	16	2024-02-03 09:45:11	\N	usf8z9j18q1qv6jf	\N	https://notreaffaireatous.org/numero-16-de-la-newsletter-des-affaires-climatiques/	Newsletter
3	9	2024-02-03 09:45:11	\N	usf8z9j18q1qv6jf	\N	https://notreaffaireatous.org/numero-9-de-la-newsletter-des-affaires-climatiques-droit-a-un-environnement-sain/	Newsletter
4	8	2024-02-03 09:45:11	\N	usf8z9j18q1qv6jf	\N	https://notreaffaireatous.org/numero-8-de-la-newsletter-des-affaires-climatiques/	Newsletter
5	14	2024-02-03 09:45:11	\N	usf8z9j18q1qv6jf	\N	https://notreaffaireatous.org/numero-14-de-la-newsletter-des-affaires-climatiques-la-proposition-de-directive-europeenne-sur-le-devoir-de-vigilance-des-entreprises/	Newsletter
6	1	2024-02-03 09:45:11	\N	usf8z9j18q1qv6jf	\N	\N	Newsletter
7	2	2024-02-03 09:45:11	\N	usf8z9j18q1qv6jf	\N	\N	Newsletter
8	3	2024-02-03 09:45:11	\N	usf8z9j18q1qv6jf	\N	\N	Newsletter
9	4	2024-02-03 09:45:11	\N	usf8z9j18q1qv6jf	\N	\N	Newsletter
10	5	2024-02-03 09:45:11	\N	usf8z9j18q1qv6jf	\N	https://notreaffaireatous.org/newsletter-n5-les-multinationales-pollueuses-devant-les-tribunaux/	Newsletter
11	6	2024-02-03 09:45:11	\N	usf8z9j18q1qv6jf	\N	https://notreaffaireatous.org/numero-6-de-la-newsletter-des-affaires-climatiques-lonu-saisie-de-la-question-climatique/	Newsletter
12	7	2024-02-03 09:45:11	\N	usf8z9j18q1qv6jf	\N	https://notreaffaireatous.org/numero-7-de-la-newsletter-des-affaires-climatiques/	Newsletter
13	10	2024-02-03 09:45:11	\N	usf8z9j18q1qv6jf	\N	https://notreaffaireatous.org/numero-10-de-la-newsletter-des-affaires-climatiques-affaire-du-siecle-et-droit-a-un-environnement-sain/	Newsletter
14	11	2024-02-03 09:45:11	\N	usf8z9j18q1qv6jf	\N	https://notreaffaireatous.org/numero-11-de-la-newsletter-des-affaires-climatiques-droit-de-propriete-et-crise-climatique/	Newsletter
15	13	2024-02-03 09:45:11	\N	usf8z9j18q1qv6jf	\N	https://notreaffaireatous.org/newsletter-n13-21-decembre-2021/	Newsletter
16	15	2024-02-03 09:45:11	\N	usf8z9j18q1qv6jf	\N	https://notreaffaireatous.org/numero-15-de-la-newsletter-des-affaires-climatiques/	Newsletter
17	17	2024-02-03 09:45:11	\N	usf8z9j18q1qv6jf	\N	https://notreaffaireatous.org/numero-17-de-la-newsletter-des-affaires-climatiques-lavis-consultatif-devant-les-juridictions-internationales-un-outil-pour-faire-avancer-le-droit-du-climat/	Newsletter
18	Case No. 3:20-cv-00290-SLG, Case No. 3:20-cv-00308-SLG	2024-02-03 09:45:11	\N	usf8z9j18q1qv6jf	\N	https://s3.documentcloud.org/documents/21045581/210818-willow-order.pdf 	Dcision
19	Dcision US District Court for DC, Standing Rock Sioux Tribe v. USACE, 6 juillet 2020	2024-02-03 09:45:11	\N	usf8z9j18q1qv6jf	\N	https://earthjustice.org/sites/default/files/files/standing_rock_sioux_tribe_v._army_corps_of_engineers.pdf 	Dcision
20	Restriction des pandages agricoles	2024-02-03 09:45:11	\N	usf8z9j18q1qv6jf	\N	https://www.conseil-etat.fr/ressources/decisions-contentieuses/dernieres-decisions-importantes/conseil-d-etat-20-avril-restriction-des-epandages-agricoles	Dcision
21	n 2020-881 QPC du 5 fvrier 2021	2024-02-03 09:45:11	\N	usf8z9j18q1qv6jf	\N	https://www.conseil-constitutionnel.fr/decision/2021/2020881QPC.htm	Dcision
22	CAA Bordeaux 18 dcembre 2020	2024-02-03 09:45:11	\N	usf8z9j18q1qv6jf	\N	https://www.legifrance.gouv.fr/ceta/id/CETATEXT000042737615	Dcision
23	Tsama William et alii v. Attorney General of Uganda, mmoire en demande, 12 octobre 2020	2024-02-03 09:45:11	\N	usf8z9j18q1qv6jf	\N	\N	Ouvrage/Article
24	W., FRANK, C. BALS, J. GRIMM, "The Case of Huaraz: First Climate Lawsuit on Loss and Damage Against an Energy Company Before German Courts" in. R. MECHLER, L. BOUWER, T. SCHINKO, S. SURMINSKI, J. LINNEROOTH-BAYER (d.) Loss and Damage from Climate Change. Climate Risk Management, Policy and Governance. Springer, Cham, Suisse, 2018. https://doi.org/10.1007/978-3-319-72026-5_20.	2024-02-03 09:45:11	\N	usf8z9j18q1qv6jf	\N	https://link.springer.com/chapter/10.1007/978-3-319-72026-5_20#citeas	Ouvrage/Article
25	Article "Gloucester Resources (Rocky Hill) case", Environmental Law Australia	2024-02-03 09:45:11	\N	usf8z9j18q1qv6jf	\N	http://envlaw.com.au/gloucester-resources-case/	Ouvrage/Article
26	Center for biological diversity v zinke 3	2024-02-03 09:45:11	\N	usf8z9j18q1qv6jf	\N	http://climatecasechart.com/climate-change-litigation/case/center-for-biological-diversity-v-zinke-3/ 	Ouvrage/Article
27	Article de l'initiative "EU Biomass Legal Case"	2024-02-03 09:45:11	\N	usf8z9j18q1qv6jf	\N	https://eubiomasscase.org/2021/01/28/eu-court-refuses-to-hear-international-complaint-against-forest-destroying-renewable-energy-policies/	Ouvrage/Article
\.


--
-- Data for Name: nc_e7nm___nc_m2m_007mhrmiat; Type: TABLE DATA; Schema: public; Owner: postgres
--

COPY public.nc_e7nm___nc_m2m_007mhrmiat (table2_id, table1_id) FROM stdin;
\.


--
-- Data for Name: nc_e7nm___nc_m2m_151ol2lo7a; Type: TABLE DATA; Schema: public; Owner: postgres
--

COPY public.nc_e7nm___nc_m2m_151ol2lo7a (table2_id, table1_id) FROM stdin;
\.


--
-- Data for Name: nc_e7nm___nc_m2m_7hb1yhahw5; Type: TABLE DATA; Schema: public; Owner: postgres
--

COPY public.nc_e7nm___nc_m2m_7hb1yhahw5 (table2_id, table1_id) FROM stdin;
\.


--
-- Data for Name: nc_e7nm___nc_m2m_q863b2oj_i; Type: TABLE DATA; Schema: public; Owner: postgres
--

COPY public.nc_e7nm___nc_m2m_q863b2oj_i (table2_id, table1_id) FROM stdin;
\.


--
-- Data for Name: nc_filter_exp_v2; Type: TABLE DATA; Schema: public; Owner: postgres
--

COPY public.nc_filter_exp_v2 (id, source_id, base_id, fk_view_id, fk_hook_id, fk_column_id, fk_parent_id, logical_op, comparison_op, value, is_group, "order", created_at, updated_at, comparison_sub_op) FROM stdin;
\.


--
-- Data for Name: nc_form_view_columns_v2; Type: TABLE DATA; Schema: public; Owner: postgres
--

COPY public.nc_form_view_columns_v2 (id, source_id, base_id, fk_view_id, fk_column_id, uuid, label, help, description, required, show, "order", created_at, updated_at, meta, enable_scanner) FROM stdin;
\.


--
-- Data for Name: nc_form_view_v2; Type: TABLE DATA; Schema: public; Owner: postgres
--

COPY public.nc_form_view_v2 (source_id, base_id, fk_view_id, heading, subheading, success_msg, redirect_url, redirect_after_secs, email, submit_another_form, show_blank_form, uuid, banner_image_url, logo_url, created_at, updated_at, meta) FROM stdin;
\.


--
-- Data for Name: nc_gallery_view_columns_v2; Type: TABLE DATA; Schema: public; Owner: postgres
--

COPY public.nc_gallery_view_columns_v2 (id, source_id, base_id, fk_view_id, fk_column_id, uuid, label, help, show, "order", created_at, updated_at) FROM stdin;
\.


--
-- Data for Name: nc_gallery_view_v2; Type: TABLE DATA; Schema: public; Owner: postgres
--

COPY public.nc_gallery_view_v2 (source_id, base_id, fk_view_id, next_enabled, prev_enabled, cover_image_idx, fk_cover_image_col_id, cover_image, restrict_types, restrict_size, restrict_number, public, dimensions, responsive_columns, created_at, updated_at, meta) FROM stdin;
\.


--
-- Data for Name: nc_grid_view_columns_v2; Type: TABLE DATA; Schema: public; Owner: postgres
--

COPY public.nc_grid_view_columns_v2 (id, fk_view_id, fk_column_id, source_id, base_id, uuid, label, help, width, show, "order", created_at, updated_at, group_by, group_by_order, group_by_sort) FROM stdin;
ncxx9qms0hdvgqpp	vwb4amr5epece2qo	c1qd5123iq3hzoj	b7h4beh25tf3z66	pku0f4n052lothp	\N	\N	\N	160px	t	12	2024-02-02 23:23:04+00	2024-02-03 09:48:30+00	\N	\N	\N
nchmsgug8rvk46yb	vw3fji8wdahmu4wn	c802zlw8c0jnx9a	b7h4beh25tf3z66	pku0f4n052lothp	\N	\N	\N	329px	t	1	2024-02-02 22:35:49+00	2024-02-02 22:57:23+00	\N	\N	\N
ncbrdagdy6wuxk3a	vw29fm25dhkn8xue	cfktvg4j16aqm5o	b7h4beh25tf3z66	pku0f4n052lothp	\N	\N	\N	200px	t	8	2024-02-02 22:10:40+00	2024-02-02 22:10:40+00	\N	\N	\N
ncyvdvg3ov3kvxym	vwb4amr5epece2qo	cjzilol0cye6n89	b7h4beh25tf3z66	pku0f4n052lothp	\N	\N	\N	200px	t	1	2024-02-02 23:00:41+00	2024-02-02 23:00:41+00	\N	\N	\N
ncef97agxc7zaa88	vwb4amr5epece2qo	cth66cx9r8wvur9	b7h4beh25tf3z66	pku0f4n052lothp	\N	\N	\N	200px	t	2	2024-02-02 23:00:41+00	2024-02-02 23:00:41+00	\N	\N	\N
nc9o9efibhmloxmy	vwb4amr5epece2qo	cg997344br02v2v	b7h4beh25tf3z66	pku0f4n052lothp	\N	\N	\N	200px	t	3	2024-02-02 23:00:41+00	2024-02-02 23:00:41+00	\N	\N	\N
ncpqljqn92msnkid	vwb4amr5epece2qo	ckfqazfe0qna3ku	b7h4beh25tf3z66	pku0f4n052lothp	\N	\N	\N	200px	t	4	2024-02-02 23:00:41+00	2024-02-02 23:00:41+00	\N	\N	\N
nclksgv2yy9fa03k	vwb4amr5epece2qo	cqemcak8slq1ltw	b7h4beh25tf3z66	pku0f4n052lothp	\N	\N	\N	200px	t	5	2024-02-02 23:00:41+00	2024-02-02 23:00:41+00	\N	\N	\N
ncm131tvtv0oplop	vwb4amr5epece2qo	ckh8g69mr3iwevo	b7h4beh25tf3z66	pku0f4n052lothp	\N	\N	\N	200px	t	6	2024-02-02 23:00:41+00	2024-02-02 23:00:41+00	\N	\N	\N
ncs3cflgugcx2jcy	vw29fm25dhkn8xue	c7xijjq4p8fmjgb	b7h4beh25tf3z66	pku0f4n052lothp	\N	\N	\N	200px	t	9	2024-02-02 22:10:45+00	2024-02-02 22:10:45+00	\N	\N	\N
ncfth9op5xmg1721	vwb4amr5epece2qo	cmv0umr08jm9238	b7h4beh25tf3z66	pku0f4n052lothp	\N	\N	\N	200px	t	8	2024-02-02 23:01:22+00	2024-02-02 23:01:22+00	\N	\N	\N
ncheut0kze25phku	vwnbqo3wgudy6cj4	cyrl6k5rtv3louj	b7h4beh25tf3z66	pku0f4n052lothp	\N	\N	\N	200px	t	1	2024-02-03 09:34:59+00	2024-02-03 09:34:59+00	\N	\N	\N
ncy7x69mf2cclgde	vw3fji8wdahmu4wn	cthxonbpox1rsca	b7h4beh25tf3z66	pku0f4n052lothp	\N	\N	\N	200px	t	2	2024-02-02 22:35:49+00	2024-02-02 22:35:49+00	\N	\N	\N
nc7iblhu2ccnbsgp	vwb4amr5epece2qo	ci7ck15l7puc0wt	b7h4beh25tf3z66	pku0f4n052lothp	\N	\N	\N	200px	t	9	2024-02-02 23:02:02+00	2024-02-02 23:02:02+00	\N	\N	\N
ncax3h0c07lu6wze	vwb4amr5epece2qo	czzzxb4qtwef17e	b7h4beh25tf3z66	pku0f4n052lothp	\N	\N	\N	200px	t	10	2024-02-02 23:02:17+00	2024-02-02 23:02:17+00	\N	\N	\N
nc4g34shqzrdf6sr	vwb4amr5epece2qo	c5m4z3g2labm6rp	b7h4beh25tf3z66	pku0f4n052lothp	\N	\N	\N	200px	t	11	2024-02-02 23:02:35+00	2024-02-02 23:02:35+00	\N	\N	\N
ncyez3hwaiyjz9kr	vwkpf66f96mm6ima	cn1e11wdtz9wmj1	b7h4beh25tf3z66	pku0f4n052lothp	\N	\N	\N	200px	t	2	2024-02-02 22:11:27+00	2024-02-02 22:11:27+00	\N	\N	\N
nc8vmeripuab8b2r	vwkpf66f96mm6ima	cw9du34vo3da09r	b7h4beh25tf3z66	pku0f4n052lothp	\N	\N	\N	200px	t	3	2024-02-02 22:11:27+00	2024-02-02 22:11:27+00	\N	\N	\N
ncvdj1egyzfl2ep4	vwb4amr5epece2qo	ci595sas9flji2n	b7h4beh25tf3z66	pku0f4n052lothp	\N	\N	\N	232px	t	7	2024-02-02 23:01:06+00	2024-02-02 23:24:34+00	\N	\N	\N
ncjwuln7wlsqm7qe	vw3fji8wdahmu4wn	c0isnydt0yzhcoh	b7h4beh25tf3z66	pku0f4n052lothp	\N	\N	\N	200px	t	3	2024-02-02 22:35:49+00	2024-02-02 22:35:49+00	\N	\N	\N
nccq5315uw2iaywj	vw3fji8wdahmu4wn	cc3nebv2n7ddq4g	b7h4beh25tf3z66	pku0f4n052lothp	\N	\N	\N	200px	t	4	2024-02-02 22:35:49+00	2024-02-02 22:35:49+00	\N	\N	\N
nc75n3qr0azewyfp	vwnbqo3wgudy6cj4	ce94jktinalthsy	b7h4beh25tf3z66	pku0f4n052lothp	\N	\N	\N	200px	t	2	2024-02-03 09:34:59+00	2024-02-03 09:34:59+00	\N	\N	\N
nckw70qdarvc5fjx	vwnbqo3wgudy6cj4	cwey9qxnlfgaesf	b7h4beh25tf3z66	pku0f4n052lothp	\N	\N	\N	200px	t	3	2024-02-03 09:34:59+00	2024-02-03 09:34:59+00	\N	\N	\N
ncckfc5fqnydv43x	vwnbqo3wgudy6cj4	cyk35ba250ur8og	b7h4beh25tf3z66	pku0f4n052lothp	\N	\N	\N	200px	t	4	2024-02-03 09:34:59+00	2024-02-03 09:34:59+00	\N	\N	\N
ncipy1xbn6gc1ek6	vwnbqo3wgudy6cj4	c986shj8s1gbpbn	b7h4beh25tf3z66	pku0f4n052lothp	\N	\N	\N	200px	t	5	2024-02-03 09:34:59+00	2024-02-03 09:34:59+00	\N	\N	\N
nczghzc91irhw6lg	vw29fm25dhkn8xue	c08vraofchm7cg8	b7h4beh25tf3z66	pku0f4n052lothp	\N	\N	\N	200px	t	1	2024-02-02 22:10:14+00	2024-02-02 22:10:14+00	\N	\N	\N
ncvtvgxns5x1jao1	vw29fm25dhkn8xue	cq7rpcz88inf7ps	b7h4beh25tf3z66	pku0f4n052lothp	\N	\N	\N	200px	t	2	2024-02-02 22:10:14+00	2024-02-02 22:10:14+00	\N	\N	\N
ncg3s614f3s2sgmb	vw29fm25dhkn8xue	ckkn0m4xgbw3m1e	b7h4beh25tf3z66	pku0f4n052lothp	\N	\N	\N	200px	t	3	2024-02-02 22:10:14+00	2024-02-02 22:10:14+00	\N	\N	\N
ncv2gvwwg2u31a0e	vw29fm25dhkn8xue	cp2dgqomnknbj14	b7h4beh25tf3z66	pku0f4n052lothp	\N	\N	\N	200px	t	4	2024-02-02 22:10:14+00	2024-02-02 22:10:14+00	\N	\N	\N
ncou6i5mofla504g	vw29fm25dhkn8xue	chjt3j75limszsc	b7h4beh25tf3z66	pku0f4n052lothp	\N	\N	\N	200px	t	5	2024-02-02 22:10:14+00	2024-02-02 22:10:14+00	\N	\N	\N
ncphvbi1so90qxdb	vw29fm25dhkn8xue	cq2vf2u0n77bmeb	b7h4beh25tf3z66	pku0f4n052lothp	\N	\N	\N	200px	t	6	2024-02-02 22:10:14+00	2024-02-02 22:10:14+00	\N	\N	\N
ncoc43bet9p5vmqd	vw29fm25dhkn8xue	cywaxu5u1kj0t4o	b7h4beh25tf3z66	pku0f4n052lothp	\N	\N	\N	200px	t	7	2024-02-02 22:10:32+00	2024-02-02 22:10:32+00	\N	\N	\N
ncsdiyl2wprnphrc	vwkpf66f96mm6ima	c4ubnigsd19k83q	b7h4beh25tf3z66	pku0f4n052lothp	\N	\N	\N	200px	t	4	2024-02-02 22:11:27+00	2024-02-02 22:11:27+00	\N	\N	\N
nc3943wob66h6377	vwkpf66f96mm6ima	cti2xw3vx0tm557	b7h4beh25tf3z66	pku0f4n052lothp	\N	\N	\N	200px	t	5	2024-02-02 22:11:27+00	2024-02-02 22:11:27+00	\N	\N	\N
ncia5hrt699kibry	vwkpf66f96mm6ima	c4erszag8cy4us9	b7h4beh25tf3z66	pku0f4n052lothp	\N	\N	\N	200px	t	6	2024-02-02 22:11:27+00	2024-02-02 22:11:27+00	\N	\N	\N
nck3g8euu56jone5	vwnbqo3wgudy6cj4	c4j7vh3cjmtelr5	b7h4beh25tf3z66	pku0f4n052lothp	\N	\N	\N	200px	t	6	2024-02-03 09:34:59+00	2024-02-03 09:34:59+00	\N	\N	\N
nc7y90u587j1i5fq	vw3fji8wdahmu4wn	crlvx6ztomytk90	b7h4beh25tf3z66	pku0f4n052lothp	\N	\N	\N	200px	t	5	2024-02-02 22:35:49+00	2024-02-02 22:35:49+00	\N	\N	\N
ncgllk9yb8l26k0t	vw3fji8wdahmu4wn	cdyy197pflbulfz	b7h4beh25tf3z66	pku0f4n052lothp	\N	\N	\N	200px	t	6	2024-02-02 22:35:49+00	2024-02-02 22:35:49+00	\N	\N	\N
nc4hodjcxnspsjv3	vwnbqo3wgudy6cj4	cbv2dx16q2ft7s3	b7h4beh25tf3z66	pku0f4n052lothp	\N	\N	\N	200px	t	9	2024-02-03 09:36:22+00	2024-02-03 09:36:22+00	\N	\N	\N
nct363198octu69y	vwnbqo3wgudy6cj4	ce1x0s9f7h9wi15	b7h4beh25tf3z66	pku0f4n052lothp	\N	\N	\N	200px	t	10	2024-02-03 09:36:32+00	2024-02-03 09:36:32+00	\N	\N	\N
nc3u97bg79n6a0jr	vwnbqo3wgudy6cj4	cvu2413lrhjeyqy	b7h4beh25tf3z66	pku0f4n052lothp	\N	\N	\N	200px	t	8	2024-02-03 09:35:54+00	2024-02-03 09:36:03+00	\N	\N	\N
nc6f2djpk4jhgh5z	vwnbqo3wgudy6cj4	cyi1n812psa4qkb	b7h4beh25tf3z66	pku0f4n052lothp	\N	\N	\N	200px	t	7	2024-02-03 09:35:27+00	2024-02-03 09:36:03+00	\N	\N	\N
ncu9oh064eyh21bp	vwodff58i4fekg1h	cjt6f529atzxa0x	b7h4beh25tf3z66	pku0f4n052lothp	\N	\N	\N	289px	t	1	2024-02-03 09:43:08+00	2024-02-03 09:45:53+00	\N	\N	\N
nco0bunfi30llofx	vwodff58i4fekg1h	c1bgzeqi4vdlzfg	b7h4beh25tf3z66	pku0f4n052lothp	\N	\N	\N	200px	t	2	2024-02-03 09:43:08+00	2024-02-03 09:43:08+00	\N	\N	\N
ncadzpsao634reix	vwkpf66f96mm6ima	czg4dk04ngvls8v	b7h4beh25tf3z66	pku0f4n052lothp	\N	\N	\N	440px	t	1	2024-02-02 22:11:27+00	2024-02-02 22:46:56+00	\N	\N	\N
ncl3w37fdh3ixyoe	vwodff58i4fekg1h	cza4y8wwrsaytbh	b7h4beh25tf3z66	pku0f4n052lothp	\N	\N	\N	200px	t	3	2024-02-03 09:43:08+00	2024-02-03 09:43:08+00	\N	\N	\N
nc38tvm6mz2dx4kf	vwodff58i4fekg1h	c3xrtxckc3wtbfa	b7h4beh25tf3z66	pku0f4n052lothp	\N	\N	\N	200px	t	4	2024-02-03 09:43:08+00	2024-02-03 09:43:08+00	\N	\N	\N
ncyu12ulxgeanvi5	vwodff58i4fekg1h	cke5oiv6gnwg2o2	b7h4beh25tf3z66	pku0f4n052lothp	\N	\N	\N	200px	t	5	2024-02-03 09:43:08+00	2024-02-03 09:43:08+00	\N	\N	\N
ncf5ccsz5t1i1kec	vwodff58i4fekg1h	cn8fxbluabrok64	b7h4beh25tf3z66	pku0f4n052lothp	\N	\N	\N	200px	t	6	2024-02-03 09:43:08+00	2024-02-03 09:43:08+00	\N	\N	\N
nc26zjh84g1t69z9	vw3fji8wdahmu4wn	cqoh7sz6qx4t5lr	b7h4beh25tf3z66	pku0f4n052lothp	\N	\N	\N	151px	t	7	2024-02-02 22:51:33+00	2024-02-03 09:48:00+00	\N	\N	\N
nc002ljs197f9xq7	vwkpf66f96mm6ima	cebvkplto5ek43m	b7h4beh25tf3z66	pku0f4n052lothp	\N	\N	\N	315px	t	7	2024-02-02 22:33:53+00	2024-02-02 22:34:09+00	\N	\N	\N
ncqx8dr1fhi5u71j	vw3fji8wdahmu4wn	ck5x8cpvaajxzl3	b7h4beh25tf3z66	pku0f4n052lothp	\N	\N	\N	200px	t	5	2024-02-02 22:51:41+00	2024-02-02 22:51:57+00	\N	\N	\N
nchumrdkmwbrgkbq	vw3fji8wdahmu4wn	ce69aqn31pwdc95	b7h4beh25tf3z66	pku0f4n052lothp	\N	\N	\N	200px	t	6	2024-02-02 22:52:25+00	2024-02-02 22:52:29+00	\N	\N	\N
ncpbdefmacakjsmc	vwodff58i4fekg1h	czqlsp5omvjmmfx	b7h4beh25tf3z66	pku0f4n052lothp	\N	\N	\N	200px	t	8	2024-02-03 09:43:53+00	2024-02-03 09:43:53+00	\N	\N	\N
ncu03iadyy61pko6	vwodff58i4fekg1h	ca7t93h7twopn8w	b7h4beh25tf3z66	pku0f4n052lothp	\N	\N	\N	461px	t	7	2024-02-03 09:43:19+00	2024-02-03 09:45:51+00	\N	\N	\N
ncjcaumutuvcvsbq	vw2fcxfducbgsl3e	cy1izl8xas82eq3	b7h4beh25tf3z66	pku0f4n052lothp	\N	\N	\N	200px	t	1	2024-02-03 09:47:10+00	2024-02-03 09:47:10+00	\N	\N	\N
ncx0f52vh7c0dggx	vw2fcxfducbgsl3e	ci51ht0pykx6woe	b7h4beh25tf3z66	pku0f4n052lothp	\N	\N	\N	200px	t	2	2024-02-03 09:47:10+00	2024-02-03 09:47:10+00	\N	\N	\N
ncdr6lfts2ljpzx8	vw2fcxfducbgsl3e	c25izx59h7m76xf	b7h4beh25tf3z66	pku0f4n052lothp	\N	\N	\N	200px	t	3	2024-02-03 09:47:10+00	2024-02-03 09:47:10+00	\N	\N	\N
ncvgp1c5rnj0ldnk	vwodff58i4fekg1h	cae1c9xxw7yahb3	b7h4beh25tf3z66	pku0f4n052lothp	\N	\N	\N	200px	t	9	2024-02-03 09:47:10+00	2024-02-03 09:47:10+00	\N	\N	\N
ncf4tnquxaa7ofw0	vw2fcxfducbgsl3e	c2son0wh4e2j6kz	b7h4beh25tf3z66	pku0f4n052lothp	\N	\N	\N	200px	t	4	2024-02-03 09:47:10+00	2024-02-03 09:47:10+00	\N	\N	\N
nc47eyhfatdbd0jv	vwnbqo3wgudy6cj4	c8j9070gztrx08x	b7h4beh25tf3z66	pku0f4n052lothp	\N	\N	\N	200px	t	11	2024-02-03 09:47:10+00	2024-02-03 09:47:10+00	\N	\N	\N
nc4eoczauiq3w31o	vwodff58i4fekg1h	c7x2imoqgz6mgcu	b7h4beh25tf3z66	pku0f4n052lothp	\N	\N	\N	200px	t	10	2024-02-03 09:47:10+00	2024-02-03 09:47:10+00	\N	\N	\N
ncxljoilmuzxo5an	vwnbqo3wgudy6cj4	cm12bkc7fecxi5v	b7h4beh25tf3z66	pku0f4n052lothp	\N	\N	\N	200px	t	12	2024-02-03 09:47:10+00	2024-02-03 09:47:10+00	\N	\N	\N
nck765nhsn4e4ysh	vwk1az066f9zahmv	cnck9x6s01suovm	b7h4beh25tf3z66	pku0f4n052lothp	\N	\N	\N	200px	t	1	2024-02-03 09:48:28+00	2024-02-03 09:48:28+00	\N	\N	\N
ncnmxcql74ap7x3e	vwk1az066f9zahmv	c978oezl3nukk7q	b7h4beh25tf3z66	pku0f4n052lothp	\N	\N	\N	200px	t	2	2024-02-03 09:48:28+00	2024-02-03 09:48:28+00	\N	\N	\N
nc2gckpsrtoz0jnk	vwk1az066f9zahmv	ca2h8bmutzg29vo	b7h4beh25tf3z66	pku0f4n052lothp	\N	\N	\N	200px	t	3	2024-02-03 09:48:28+00	2024-02-03 09:48:28+00	\N	\N	\N
ncyzn2h4e343ntm0	vw3fji8wdahmu4wn	c6i2b9lgctwo6ju	b7h4beh25tf3z66	pku0f4n052lothp	\N	\N	\N	200px	t	8	2024-02-03 09:48:28+00	2024-02-03 09:48:28+00	\N	\N	\N
ncdihn7gnpsj2poa	vwk1az066f9zahmv	c960cn5td585hgx	b7h4beh25tf3z66	pku0f4n052lothp	\N	\N	\N	200px	t	4	2024-02-03 09:48:28+00	2024-02-03 09:48:28+00	\N	\N	\N
nczupd0kmkclijhf	vwb4amr5epece2qo	cspym2z5psi1bqq	b7h4beh25tf3z66	pku0f4n052lothp	\N	\N	\N	200px	t	13	2024-02-03 09:48:28+00	2024-02-03 09:48:28+00	\N	\N	\N
nc9z1c4thfrfms03	vw3fji8wdahmu4wn	crmpdevwu6hf122	b7h4beh25tf3z66	pku0f4n052lothp	\N	\N	\N	200px	t	9	2024-02-03 09:48:28+00	2024-02-03 09:48:28+00	\N	\N	\N
ncar1sugcgldywve	vwb4amr5epece2qo	ct3blhllo17o8ew	b7h4beh25tf3z66	pku0f4n052lothp	\N	\N	\N	200px	t	14	2024-02-03 09:48:28+00	2024-02-03 09:48:28+00	\N	\N	\N
nczya153v08a9uou	vwgsq4tvyhvrkjev	coqcza6dekvncty	b7h4beh25tf3z66	pku0f4n052lothp	\N	\N	\N	200px	t	1	2024-02-03 09:48:50+00	2024-02-03 09:48:50+00	\N	\N	\N
ncduly7nfjao030b	vwgsq4tvyhvrkjev	cpycda4tq96wf17	b7h4beh25tf3z66	pku0f4n052lothp	\N	\N	\N	200px	t	2	2024-02-03 09:48:50+00	2024-02-03 09:48:50+00	\N	\N	\N
ncwa3mmavpixpslx	vwgsq4tvyhvrkjev	c94mu0de7jaowwn	b7h4beh25tf3z66	pku0f4n052lothp	\N	\N	\N	200px	t	3	2024-02-03 09:48:50+00	2024-02-03 09:48:50+00	\N	\N	\N
ncezczol28lvzm9o	vw3fji8wdahmu4wn	ctiwn65atzd8enk	b7h4beh25tf3z66	pku0f4n052lothp	\N	\N	\N	200px	t	10	2024-02-03 09:48:50+00	2024-02-03 09:48:50+00	\N	\N	\N
nc2cpj10fd4cgwbm	vwgsq4tvyhvrkjev	cdq4tdmn3s09usr	b7h4beh25tf3z66	pku0f4n052lothp	\N	\N	\N	200px	t	4	2024-02-03 09:48:50+00	2024-02-03 09:48:50+00	\N	\N	\N
ncqchxzw655jzc6q	vwb4amr5epece2qo	c5q27j8xqu16e4h	b7h4beh25tf3z66	pku0f4n052lothp	\N	\N	\N	200px	t	15	2024-02-03 09:48:50+00	2024-02-03 09:48:50+00	\N	\N	\N
ncvyjb2b6opr25rz	vw3fji8wdahmu4wn	cxwk51swwutag3f	b7h4beh25tf3z66	pku0f4n052lothp	\N	\N	\N	200px	t	11	2024-02-03 09:48:50+00	2024-02-03 09:48:50+00	\N	\N	\N
ncshwhsxkyxdldmf	vwb4amr5epece2qo	c3gvzsp7hp1mkah	b7h4beh25tf3z66	pku0f4n052lothp	\N	\N	\N	200px	t	16	2024-02-03 09:48:50+00	2024-02-03 09:48:50+00	\N	\N	\N
ncit6axq1ocuqcto	vw3reahx7wvqr0uj	crrlncd61slpei9	b7h4beh25tf3z66	pku0f4n052lothp	\N	\N	\N	200px	t	1	2024-02-03 09:49:12+00	2024-02-03 09:49:12+00	\N	\N	\N
ncw4z2wbx672upa6	vw3reahx7wvqr0uj	cm0l0ousqqgtza3	b7h4beh25tf3z66	pku0f4n052lothp	\N	\N	\N	200px	t	2	2024-02-03 09:49:12+00	2024-02-03 09:49:12+00	\N	\N	\N
ncerfkdxlasyvlbe	vw3reahx7wvqr0uj	ck3zqjvokp4w03h	b7h4beh25tf3z66	pku0f4n052lothp	\N	\N	\N	200px	t	3	2024-02-03 09:49:12+00	2024-02-03 09:49:12+00	\N	\N	\N
ncdpakz3fskp0ehs	vwkpf66f96mm6ima	cvod738usd6t2ik	b7h4beh25tf3z66	pku0f4n052lothp	\N	\N	\N	200px	t	8	2024-02-03 09:49:12+00	2024-02-03 09:49:12+00	\N	\N	\N
nctl4vaiikx1fqp8	vw3reahx7wvqr0uj	cos2cfgh210p0o0	b7h4beh25tf3z66	pku0f4n052lothp	\N	\N	\N	200px	t	4	2024-02-03 09:49:12+00	2024-02-03 09:49:12+00	\N	\N	\N
ncp68oqs03rf55j5	vwnbqo3wgudy6cj4	clbel4cgndpe7lg	b7h4beh25tf3z66	pku0f4n052lothp	\N	\N	\N	200px	t	13	2024-02-03 09:49:12+00	2024-02-03 09:49:12+00	\N	\N	\N
ncba3npzo0bedo5v	vwkpf66f96mm6ima	c3ohbowz156gn93	b7h4beh25tf3z66	pku0f4n052lothp	\N	\N	\N	200px	t	9	2024-02-03 09:49:12+00	2024-02-03 09:49:12+00	\N	\N	\N
nc4zzwhvn281i245	vwnbqo3wgudy6cj4	cqdnukeesm7ts7q	b7h4beh25tf3z66	pku0f4n052lothp	\N	\N	\N	200px	t	14	2024-02-03 09:49:12+00	2024-02-03 09:49:12+00	\N	\N	\N
\.


--
-- Data for Name: nc_grid_view_v2; Type: TABLE DATA; Schema: public; Owner: postgres
--

COPY public.nc_grid_view_v2 (fk_view_id, source_id, base_id, uuid, created_at, updated_at, meta, row_height) FROM stdin;
vw29fm25dhkn8xue	b7h4beh25tf3z66	pku0f4n052lothp	\N	2024-02-02 22:10:14+00	2024-02-02 22:10:14+00	\N	\N
vwkpf66f96mm6ima	b7h4beh25tf3z66	pku0f4n052lothp	\N	2024-02-02 22:11:27+00	2024-02-02 22:11:27+00	\N	\N
vw3fji8wdahmu4wn	b7h4beh25tf3z66	pku0f4n052lothp	\N	2024-02-02 22:35:49+00	2024-02-02 22:35:49+00	\N	\N
vwb4amr5epece2qo	b7h4beh25tf3z66	pku0f4n052lothp	\N	2024-02-02 23:00:41+00	2024-02-02 23:00:41+00	\N	\N
vwnbqo3wgudy6cj4	b7h4beh25tf3z66	pku0f4n052lothp	\N	2024-02-03 09:34:59+00	2024-02-03 09:34:59+00	\N	\N
vwodff58i4fekg1h	b7h4beh25tf3z66	pku0f4n052lothp	\N	2024-02-03 09:43:08+00	2024-02-03 09:43:08+00	\N	\N
vw2fcxfducbgsl3e	b7h4beh25tf3z66	pku0f4n052lothp	\N	2024-02-03 09:47:10+00	2024-02-03 09:47:10+00	\N	\N
vwk1az066f9zahmv	b7h4beh25tf3z66	pku0f4n052lothp	\N	2024-02-03 09:48:28+00	2024-02-03 09:48:28+00	\N	\N
vwgsq4tvyhvrkjev	b7h4beh25tf3z66	pku0f4n052lothp	\N	2024-02-03 09:48:50+00	2024-02-03 09:48:50+00	\N	\N
vw3reahx7wvqr0uj	b7h4beh25tf3z66	pku0f4n052lothp	\N	2024-02-03 09:49:12+00	2024-02-03 09:49:12+00	\N	\N
\.


--
-- Data for Name: nc_hook_logs_v2; Type: TABLE DATA; Schema: public; Owner: postgres
--

COPY public.nc_hook_logs_v2 (id, source_id, base_id, fk_hook_id, type, event, operation, test_call, payload, conditions, notification, error_code, error_message, error, execution_time, response, triggered_by, created_at, updated_at) FROM stdin;
\.


--
-- Data for Name: nc_hooks; Type: TABLE DATA; Schema: public; Owner: postgres
--

COPY public.nc_hooks (id, project_id, db_alias, title, description, env, tn, type, event, operation, async, payload, url, headers, condition, notification, retries, retry_interval, timeout, active, created_at, updated_at) FROM stdin;
1	\N	db	\N	\N	all	\N	AUTH_MIDDLEWARE	\N	\N	f	t	\N	\N	\N	\N	0	60000	60000	t	\N	\N
\.


--
-- Data for Name: nc_hooks_v2; Type: TABLE DATA; Schema: public; Owner: postgres
--

COPY public.nc_hooks_v2 (id, source_id, base_id, fk_model_id, title, description, env, type, event, operation, async, payload, url, headers, condition, notification, retries, retry_interval, timeout, active, created_at, updated_at, version) FROM stdin;
\.


--
-- Data for Name: nc_kanban_view_columns_v2; Type: TABLE DATA; Schema: public; Owner: postgres
--

COPY public.nc_kanban_view_columns_v2 (id, source_id, base_id, fk_view_id, fk_column_id, uuid, label, help, show, "order", created_at, updated_at) FROM stdin;
\.


--
-- Data for Name: nc_kanban_view_v2; Type: TABLE DATA; Schema: public; Owner: postgres
--

COPY public.nc_kanban_view_v2 (fk_view_id, source_id, base_id, show, "order", uuid, title, public, password, show_all_fields, created_at, updated_at, fk_grp_col_id, fk_cover_image_col_id, meta) FROM stdin;
\.


--
-- Data for Name: nc_loaders; Type: TABLE DATA; Schema: public; Owner: postgres
--

COPY public.nc_loaders (id, project_id, db_alias, title, parent, child, relation, resolver, functions, created_at, updated_at) FROM stdin;
\.


--
-- Data for Name: nc_map_view_columns_v2; Type: TABLE DATA; Schema: public; Owner: postgres
--

COPY public.nc_map_view_columns_v2 (id, base_id, project_id, fk_view_id, fk_column_id, uuid, label, help, show, "order", created_at, updated_at) FROM stdin;
\.


--
-- Data for Name: nc_map_view_v2; Type: TABLE DATA; Schema: public; Owner: postgres
--

COPY public.nc_map_view_v2 (fk_view_id, source_id, base_id, uuid, title, fk_geo_data_col_id, meta, created_at, updated_at) FROM stdin;
\.


--
-- Data for Name: nc_migrations; Type: TABLE DATA; Schema: public; Owner: postgres
--

COPY public.nc_migrations (id, project_id, db_alias, up, down, title, title_down, description, batch, checksum, status, created_at, updated_at) FROM stdin;
\.


--
-- Data for Name: nc_models; Type: TABLE DATA; Schema: public; Owner: postgres
--

COPY public.nc_models (id, project_id, db_alias, title, alias, type, meta, schema, schema_previous, services, messages, enabled, parent_model_title, show_as, query_params, list_idx, tags, pinned, created_at, updated_at, mm, m_to_m_meta, "order", view_order) FROM stdin;
\.


--
-- Data for Name: nc_models_v2; Type: TABLE DATA; Schema: public; Owner: postgres
--

COPY public.nc_models_v2 (id, source_id, base_id, table_name, title, type, meta, schema, enabled, mm, tags, pinned, deleted, "order", created_at, updated_at, description) FROM stdin;
mfve7346lou90ah	b7h4beh25tf3z66	pku0f4n052lothp	nc_e7nm___nc_m2m_q863b2oj_i	nc_e7nm___nc_m2m_q863b2oj_i	table	{"hasNonDefaultViews":false}	\N	t	t	\N	\N	\N	1	2024-02-03 09:48:28+00	2024-02-03 09:48:28+00	\N
m4jelc42pjwrtbk	b7h4beh25tf3z66	pku0f4n052lothp	nc_e7nm___nc_m2m_151ol2lo7a	nc_e7nm___nc_m2m_151ol2lo7a	table	{"hasNonDefaultViews":false}	\N	t	t	\N	\N	\N	1	2024-02-03 09:48:50+00	2024-02-03 09:48:50+00	\N
mh9kiuq169j41g7	b7h4beh25tf3z66	pku0f4n052lothp	nc_e7nm___nc_m2m_7hb1yhahw5	nc_e7nm___nc_m2m_7hb1yhahw5	table	{"hasNonDefaultViews":false}	\N	t	t	\N	\N	\N	1	2024-02-03 09:49:12+00	2024-02-03 09:49:12+00	\N
myzi8ry2u91yan3	b7h4beh25tf3z66	pku0f4n052lothp	nc_e7nm___Agent	Agent	table	{"hasNonDefaultViews":false}	\N	t	f	\N	\N	\N	5	2024-02-02 22:35:49+00	2024-02-02 22:35:49+00	\N
m624pufz23o9lt7	b7h4beh25tf3z66	pku0f4n052lothp	nc_e7nm__Jurisdiction	Jurisdiction	table	{"hasNonDefaultViews":false}	\N	t	f	\N	\N	\N	2	2024-02-02 22:10:14+00	2024-02-02 22:59:41+00	\N
m30p692bsgwk5eq	b7h4beh25tf3z66	pku0f4n052lothp	nc_e7nm__Ground	Ground	table	{"hasNonDefaultViews":false}	\N	t	f	\N	\N	\N	4	2024-02-02 22:11:27+00	2024-02-02 22:59:46+00	\N
m1jynfeukwahr5p	b7h4beh25tf3z66	pku0f4n052lothp	nc_e7nm___Case	Case	table	{"hasNonDefaultViews":false}	\N	t	f	\N	\N	\N	6	2024-02-02 23:00:41+00	2024-02-02 23:00:41+00	\N
mdoxs9fuu2uitwk	b7h4beh25tf3z66	pku0f4n052lothp	nc_e7nm___Decision	Decision	table	{"hasNonDefaultViews":false}	\N	t	f	\N	\N	\N	7	2024-02-03 09:34:59+00	2024-02-03 09:34:59+00	\N
md1rpqsy3zyf7j4	b7h4beh25tf3z66	pku0f4n052lothp	nc_e7nm___Resource	Resource	table	{"hasNonDefaultViews":false}	\N	t	f	\N	\N	\N	8	2024-02-03 09:43:08+00	2024-02-03 09:43:08+00	\N
miex0yatfcr9uct	b7h4beh25tf3z66	pku0f4n052lothp	nc_e7nm___nc_m2m_007mhrmiat	nc_e7nm___nc_m2m_007mhrmiat	table	{"hasNonDefaultViews":false}	\N	t	t	\N	\N	\N	1	2024-02-03 09:47:10+00	2024-02-03 09:47:10+00	\N
\.


--
-- Data for Name: nc_orgs_v2; Type: TABLE DATA; Schema: public; Owner: postgres
--

COPY public.nc_orgs_v2 (id, title, created_at, updated_at) FROM stdin;
\.


--
-- Data for Name: nc_plugins; Type: TABLE DATA; Schema: public; Owner: postgres
--

COPY public.nc_plugins (id, project_id, db_alias, title, description, active, rating, version, docs, status, status_details, logo, icon, tags, category, input_schema, input, creator, creator_website, price, created_at, updated_at) FROM stdin;
\.


--
-- Data for Name: nc_plugins_v2; Type: TABLE DATA; Schema: public; Owner: postgres
--

COPY public.nc_plugins_v2 (id, title, description, active, rating, version, docs, status, status_details, logo, icon, tags, category, input_schema, input, creator, creator_website, price, created_at, updated_at) FROM stdin;
nciibowe5kwjd48y	Slack	Slack brings team communication and collaboration into one place so you can get more work done, whether you belong to a large enterprise or a small business. 	f	\N	0.0.1	\N	install	\N	plugins/slack.webp	\N	Chat	Chat	{"title":"Configure Slack","array":true,"items":[{"key":"channel","label":"Channel Name","placeholder":"Channel Name","type":"SingleLineText","required":true},{"key":"webhook_url","label":"Webhook URL","placeholder":"Webhook URL","type":"Password","required":true}],"actions":[{"label":"Test","placeholder":"Test","key":"test","actionType":"TEST","type":"Button"},{"label":"Save","placeholder":"Save","key":"save","actionType":"SUBMIT","type":"Button"}],"msgOnInstall":"Successfully installed and Slack is enabled for notification.","msgOnUninstall":""}	\N	\N	\N	\N	2024-02-01 19:28:31+00	2024-02-01 19:28:31+00
ncv72jl03mspkdh8	Microsoft Teams	Microsoft Teams is for everyone  Instantly go from group chat to video call with the touch of a button.	f	\N	0.0.1	\N	install	\N	plugins/teams.ico	\N	Chat	Chat	{"title":"Configure Microsoft Teams","array":true,"items":[{"key":"channel","label":"Channel Name","placeholder":"Channel Name","type":"SingleLineText","required":true},{"key":"webhook_url","label":"Webhook URL","placeholder":"Webhook URL","type":"Password","required":true}],"actions":[{"label":"Test","placeholder":"Test","key":"test","actionType":"TEST","type":"Button"},{"label":"Save","placeholder":"Save","key":"save","actionType":"SUBMIT","type":"Button"}],"msgOnInstall":"Successfully installed and Microsoft Teams is enabled for notification.","msgOnUninstall":""}	\N	\N	\N	\N	2024-02-01 19:28:31+00	2024-02-01 19:28:31+00
nc380156jkoxe9ta	Discord	Discord is the easiest way to talk over voice, video, and text. Talk, chat, hang out, and stay close with your friends and communities.	f	\N	0.0.1	\N	install	\N	plugins/discord.png	\N	Chat	Chat	{"title":"Configure Discord","array":true,"items":[{"key":"channel","label":"Channel Name","placeholder":"Channel Name","type":"SingleLineText","required":true},{"key":"webhook_url","label":"Webhook URL","type":"Password","placeholder":"Webhook URL","required":true}],"actions":[{"label":"Test","placeholder":"Test","key":"test","actionType":"TEST","type":"Button"},{"label":"Save","placeholder":"Save","key":"save","actionType":"SUBMIT","type":"Button"}],"msgOnInstall":"Successfully installed and Discord is enabled for notification.","msgOnUninstall":""}	\N	\N	\N	\N	2024-02-01 19:28:31+00	2024-02-01 19:28:31+00
nctf7v625e87qbn4	Whatsapp Twilio	With Twilio, unite communications and strengthen customer relationships across your business  from marketing and sales to customer service and operations.	f	\N	0.0.1	\N	install	\N	plugins/whatsapp.png	\N	Chat	Twilio	{"title":"Configure Twilio","items":[{"key":"sid","label":"Account SID","placeholder":"Account SID","type":"SingleLineText","required":true},{"key":"token","label":"Auth Token","placeholder":"Auth Token","type":"Password","required":true},{"key":"from","label":"From Phone Number","placeholder":"From Phone Number","type":"SingleLineText","required":true}],"actions":[{"label":"Test","placeholder":"Test","key":"test","actionType":"TEST","type":"Button"},{"label":"Save","placeholder":"Save","key":"save","actionType":"SUBMIT","type":"Button"}],"msgOnInstall":"Successfully installed and Whatsapp Twilio is enabled for notification.","msgOnUninstall":""}	\N	\N	\N	\N	2024-02-01 19:28:31+00	2024-02-01 19:28:31+00
nc4amzi09y2e1iyp	Twilio	With Twilio, unite communications and strengthen customer relationships across your business  from marketing and sales to customer service and operations.	f	\N	0.0.1	\N	install	\N	plugins/twilio.png	\N	Chat	Twilio	{"title":"Configure Twilio","items":[{"key":"sid","label":"Account SID","placeholder":"Account SID","type":"SingleLineText","required":true},{"key":"token","label":"Auth Token","placeholder":"Auth Token","type":"Password","required":true},{"key":"from","label":"From Phone Number","placeholder":"From Phone Number","type":"SingleLineText","required":true}],"actions":[{"label":"Test","placeholder":"Test","key":"test","actionType":"TEST","type":"Button"},{"label":"Save","placeholder":"Save","key":"save","actionType":"SUBMIT","type":"Button"}],"msgOnInstall":"Successfully installed and Twilio is enabled for notification.","msgOnUninstall":""}	\N	\N	\N	\N	2024-02-01 19:28:31+00	2024-02-01 19:28:31+00
nconp3cdoaycod3j	S3	Amazon Simple Storage Service (Amazon S3) is an object storage service that offers industry-leading scalability, data availability, security, and performance.	f	\N	0.0.1	\N	install	\N	plugins/s3.png	\N	Storage	Storage	{"title":"Configure Amazon S3","items":[{"key":"bucket","label":"Bucket Name","placeholder":"Bucket Name","type":"SingleLineText","required":true},{"key":"region","label":"Region","placeholder":"Region","type":"SingleLineText","required":true},{"key":"access_key","label":"Access Key","placeholder":"Access Key","type":"SingleLineText","required":true},{"key":"access_secret","label":"Access Secret","placeholder":"Access Secret","type":"Password","required":true}],"actions":[{"label":"Test","placeholder":"Test","key":"test","actionType":"TEST","type":"Button"},{"label":"Save","placeholder":"Save","key":"save","actionType":"SUBMIT","type":"Button"}],"msgOnInstall":"Successfully installed and attachment will be stored in AWS S3","msgOnUninstall":""}	\N	\N	\N	\N	2024-02-01 19:28:31+00	2024-02-01 19:28:31+00
nczyh9q5c453ghsk	Minio	MinIO is a High Performance Object Storage released under Apache License v2.0. It is API compatible with Amazon S3 cloud storage service.	f	\N	0.0.1	\N	install	\N	plugins/minio.png	\N	Storage	Storage	{"title":"Configure Minio","items":[{"key":"endPoint","label":"Minio Endpoint","placeholder":"Minio Endpoint","type":"SingleLineText","required":true},{"key":"port","label":"Port","placeholder":"Port","type":"Number","required":true},{"key":"bucket","label":"Bucket Name","placeholder":"Bucket Name","type":"SingleLineText","required":true},{"key":"access_key","label":"Access Key","placeholder":"Access Key","type":"SingleLineText","required":true},{"key":"access_secret","label":"Access Secret","placeholder":"Access Secret","type":"Password","required":true},{"key":"useSSL","label":"Use SSL","placeholder":"Use SSL","type":"Checkbox","required":true}],"actions":[{"label":"Test","placeholder":"Test","key":"test","actionType":"TEST","type":"Button"},{"label":"Save","placeholder":"Save","key":"save","actionType":"SUBMIT","type":"Button"}],"msgOnInstall":"Successfully installed and attachment will be stored in Minio","msgOnUninstall":""}	\N	\N	\N	\N	2024-02-01 19:28:31+00	2024-02-01 19:28:31+00
nchpk57jcimq9wnm	GCS	Google Cloud Storage is a RESTful online file storage web service for storing and accessing data on Google Cloud Platform infrastructure.	f	\N	0.0.2	\N	install	\N	plugins/gcs.png	\N	Storage	Storage	{"title":"Configure Google Cloud Storage","items":[{"key":"bucket","label":"Bucket Name","placeholder":"Bucket Name","type":"SingleLineText","required":true},{"key":"client_email","label":"Client Email","placeholder":"Client Email","type":"SingleLineText","required":true},{"key":"private_key","label":"Private Key","placeholder":"Private Key","type":"Password","required":true},{"key":"project_id","label":"Project ID","placeholder":"Project ID","type":"SingleLineText","required":false}],"actions":[{"label":"Test","placeholder":"Test","key":"test","actionType":"TEST","type":"Button"},{"label":"Save","placeholder":"Save","key":"save","actionType":"SUBMIT","type":"Button"}],"msgOnInstall":"Successfully installed and attachment will be stored in Google Cloud Storage","msgOnUninstall":""}	\N	\N	\N	\N	2024-02-01 19:28:31+00	2024-02-01 19:28:31+00
nc52ac08yep1mc0p	Mattermost	Mattermost brings all your team communication into one place, making it searchable and accessible anywhere.	f	\N	0.0.1	\N	install	\N	plugins/mattermost.png	\N	Chat	Chat	{"title":"Configure Mattermost","array":true,"items":[{"key":"channel","label":"Channel Name","placeholder":"Channel Name","type":"SingleLineText","required":true},{"key":"webhook_url","label":"Webhook URL","placeholder":"Webhook URL","type":"Password","required":true}],"actions":[{"label":"Test","placeholder":"Test","key":"test","actionType":"TEST","type":"Button"},{"label":"Save","placeholder":"Save","key":"save","actionType":"SUBMIT","type":"Button"}],"msgOnInstall":"Successfully installed and Mattermost is enabled for notification.","msgOnUninstall":""}	\N	\N	\N	\N	2024-02-01 19:28:31+00	2024-02-01 19:28:31+00
ncn4lv379x0mmleh	Spaces	Store & deliver vast amounts of content with a simple architecture.	f	\N	0.0.1	\N	install	\N	plugins/spaces.png	\N	Storage	Storage	{"title":"DigitalOcean Spaces","items":[{"key":"bucket","label":"Bucket Name","placeholder":"Bucket Name","type":"SingleLineText","required":true},{"key":"region","label":"Region","placeholder":"Region","type":"SingleLineText","required":true},{"key":"access_key","label":"Access Key","placeholder":"Access Key","type":"SingleLineText","required":true},{"key":"access_secret","label":"Access Secret","placeholder":"Access Secret","type":"Password","required":true}],"actions":[{"label":"Test","placeholder":"Test","key":"test","actionType":"TEST","type":"Button"},{"label":"Save","placeholder":"Save","key":"save","actionType":"SUBMIT","type":"Button"}],"msgOnInstall":"Successfully installed and attachment will be stored in DigitalOcean Spaces","msgOnUninstall":""}	\N	\N	\N	\N	2024-02-01 19:28:31+00	2024-02-01 19:28:31+00
ncmk9fuc5f3xs5ju	Backblaze B2	Backblaze B2 is enterprise-grade, S3 compatible storage that companies around the world use to store and serve data while improving their cloud OpEx vs. Amazon S3 and others.	f	\N	0.0.2	\N	install	\N	plugins/backblaze.jpeg	\N	Storage	Storage	{"title":"Configure Backblaze B2","items":[{"key":"bucket","label":"Bucket Name","placeholder":"Bucket Name","type":"SingleLineText","required":true},{"key":"region","label":"Region","placeholder":"e.g. us-west-001","type":"SingleLineText","required":true},{"key":"access_key","label":"Access Key","placeholder":"i.e. keyID in App Keys","type":"SingleLineText","required":true},{"key":"access_secret","label":"Access Secret","placeholder":"i.e. applicationKey in App Keys","type":"Password","required":true}],"actions":[{"label":"Test","placeholder":"Test","key":"test","actionType":"TEST","type":"Button"},{"label":"Save","placeholder":"Save","key":"save","actionType":"SUBMIT","type":"Button"}],"msgOnInstall":"Successfully installed and attachment will be stored in Backblaze B2","msgOnUninstall":""}	\N	\N	\N	\N	2024-02-01 19:28:31+00	2024-02-01 19:28:31+00
nc6u0skfve3j71wl	Vultr Object Storage	Using Vultr Object Storage can give flexibility and cloud storage that allows applications greater flexibility and access worldwide.	f	\N	0.0.2	\N	install	\N	plugins/vultr.png	\N	Storage	Storage	{"title":"Configure Vultr Object Storage","items":[{"key":"bucket","label":"Bucket Name","placeholder":"Bucket Name","type":"SingleLineText","required":true},{"key":"hostname","label":"Host Name","placeholder":"e.g.: ewr1.vultrobjects.com","type":"SingleLineText","required":true},{"key":"access_key","label":"Access Key","placeholder":"Access Key","type":"SingleLineText","required":true},{"key":"access_secret","label":"Access Secret","placeholder":"Access Secret","type":"Password","required":true}],"actions":[{"label":"Test","placeholder":"Test","key":"test","actionType":"TEST","type":"Button"},{"label":"Save","placeholder":"Save","key":"save","actionType":"SUBMIT","type":"Button"}],"msgOnInstall":"Successfully installed and attachment will be stored in Vultr Object Storage","msgOnUninstall":""}	\N	\N	\N	\N	2024-02-01 19:28:31+00	2024-02-01 19:28:31+00
ncmkhdg9l2dsdbly	OvhCloud Object Storage	Upload your files to a space that you can access via HTTPS using the OpenStack Swift API, or the S3 API. 	f	\N	0.0.1	\N	install	\N	plugins/ovhCloud.png	\N	Storage	Storage	{"title":"Configure OvhCloud Object Storage","items":[{"key":"bucket","label":"Bucket Name","placeholder":"Bucket Name","type":"SingleLineText","required":true},{"key":"region","label":"Region","placeholder":"Region","type":"SingleLineText","required":true},{"key":"access_key","label":"Access Key","placeholder":"Access Key","type":"SingleLineText","required":true},{"key":"access_secret","label":"Access Secret","placeholder":"Access Secret","type":"Password","required":true}],"actions":[{"label":"Test","placeholder":"Test","key":"test","actionType":"TEST","type":"Button"},{"label":"Save","placeholder":"Save","key":"save","actionType":"SUBMIT","type":"Button"}],"msgOnInstall":"Successfully installed and attachment will be stored in OvhCloud Object Storage","msgOnUninstall":""}	\N	\N	\N	\N	2024-02-01 19:28:31+00	2024-02-01 19:28:31+00
nc627vlmtiym35cx	Linode Object Storage	S3-compatible Linode Object Storage makes it easy and more affordable to manage unstructured data such as content assets, as well as sophisticated and data-intensive storage challenges around artificial intelligence and machine learning.	f	\N	0.0.1	\N	install	\N	plugins/linode.svg	\N	Storage	Storage	{"title":"Configure Linode Object Storage","items":[{"key":"bucket","label":"Bucket Name","placeholder":"Bucket Name","type":"SingleLineText","required":true},{"key":"region","label":"Region","placeholder":"Region","type":"SingleLineText","required":true},{"key":"access_key","label":"Access Key","placeholder":"Access Key","type":"SingleLineText","required":true},{"key":"access_secret","label":"Access Secret","placeholder":"Access Secret","type":"Password","required":true}],"actions":[{"label":"Test","placeholder":"Test","key":"test","actionType":"TEST","type":"Button"},{"label":"Save","placeholder":"Save","key":"save","actionType":"SUBMIT","type":"Button"}],"msgOnInstall":"Successfully installed and attachment will be stored in Linode Object Storage","msgOnUninstall":""}	\N	\N	\N	\N	2024-02-01 19:28:31+00	2024-02-01 19:28:31+00
ncnj7ho6clpa1mb4	UpCloud Object Storage	The perfect home for your data. Thanks to the S3-compatible programmable interface,\nyou have a host of options for existing tools and code implementations.\n	f	\N	0.0.1	\N	install	\N	plugins/upcloud.png	\N	Storage	Storage	{"title":"Configure UpCloud Object Storage","items":[{"key":"bucket","label":"Bucket Name","placeholder":"Bucket Name","type":"SingleLineText","required":true},{"key":"endpoint","label":"Endpoint","placeholder":"Endpoint","type":"SingleLineText","required":true},{"key":"access_key","label":"Access Key","placeholder":"Access Key","type":"SingleLineText","required":true},{"key":"access_secret","label":"Access Secret","placeholder":"Access Secret","type":"Password","required":true}],"actions":[{"label":"Test","placeholder":"Test","key":"test","actionType":"TEST","type":"Button"},{"label":"Save","placeholder":"Save","key":"save","actionType":"SUBMIT","type":"Button"}],"msgOnInstall":"Successfully installed and attachment will be stored in UpCloud Object Storage","msgOnUninstall":""}	\N	\N	\N	\N	2024-02-01 19:28:31+00	2024-02-01 19:28:31+00
ncl8gzrd49hnwjy5	SMTP	SMTP email client	f	\N	0.0.2	\N	install	\N	\N	\N	Email	Email	{"title":"Configure Email SMTP","items":[{"key":"from","label":"From","placeholder":"eg: admin@run.com","type":"SingleLineText","required":true},{"key":"host","label":"Host","placeholder":"eg: smtp.run.com","type":"SingleLineText","required":true},{"key":"port","label":"Port","placeholder":"Port","type":"SingleLineText","required":true},{"key":"secure","label":"Secure","placeholder":"Secure","type":"Checkbox","required":false},{"key":"ignoreTLS","label":"Ignore TLS","placeholder":"Ignore TLS","type":"Checkbox","required":false},{"key":"rejectUnauthorized","label":"Reject Unauthorized","placeholder":"Reject Unauthorized","type":"Checkbox","required":false},{"key":"username","label":"Username","placeholder":"Username","type":"SingleLineText","required":false},{"key":"password","label":"Password","placeholder":"Password","type":"Password","required":false}],"actions":[{"label":"Test","key":"test","actionType":"TEST","type":"Button"},{"label":"Save","key":"save","actionType":"SUBMIT","type":"Button"}],"msgOnInstall":"Successfully installed and email notification will use SMTP configuration","msgOnUninstall":""}	\N	\N	\N	\N	2024-02-01 19:28:31+00	2024-02-01 19:28:31+00
nciownge4h09ey8f	MailerSend	MailerSend email client	f	\N	0.0.1	\N	install	\N	plugins/mailersend.svg	\N	Email	Email	{"title":"Configure MailerSend","items":[{"key":"api_key","label":"API KEy","placeholder":"eg: ***************","type":"Password","required":true},{"key":"from","label":"From","placeholder":"eg: admin@run.com","type":"SingleLineText","required":true},{"key":"from_name","label":"From Name","placeholder":"eg: Adam","type":"SingleLineText","required":true}],"actions":[{"label":"Test","key":"test","actionType":"TEST","type":"Button"},{"label":"Save","key":"save","actionType":"SUBMIT","type":"Button"}],"msgOnInstall":"Successfully installed and email notification will use MailerSend configuration","msgOnUninstall":""}	\N	\N	\N	\N	2024-02-01 19:28:31+00	2024-02-01 19:28:31+00
ncltygu8bcusucs7	Scaleway Object Storage	Scaleway Object Storage is an S3-compatible object store from Scaleway Cloud Platform.	f	\N	0.0.1	\N	install	\N	plugins/scaleway.png	\N	Storage	Storage	{"title":"Setup Scaleway","items":[{"key":"bucket","label":"Bucket name","placeholder":"Bucket name","type":"SingleLineText","required":true},{"key":"region","label":"Region of bucket","placeholder":"Region of bucket","type":"SingleLineText","required":true},{"key":"access_key","label":"Access Key","placeholder":"Access Key","type":"SingleLineText","required":true},{"key":"access_secret","label":"Access Secret","placeholder":"Access Secret","type":"Password","required":true}],"actions":[{"label":"Test","placeholder":"Test","key":"test","actionType":"TEST","type":"Button"},{"label":"Save","placeholder":"Save","key":"save","actionType":"SUBMIT","type":"Button"}],"msgOnInstall":"Successfully installed Scaleway Object Storage","msgOnUninstall":""}	\N	\N	\N	\N	2024-02-01 19:28:31+00	2024-02-01 19:28:31+00
ncjsxhvj38obsz90	SES	Amazon Simple Email Service (SES) is a cost-effective, flexible, and scalable email service that enables developers to send mail from within any application.	f	\N	0.0.1	\N	install	\N	plugins/aws.png	\N	Email	Email	{"title":"Configure Amazon Simple Email Service (SES)","items":[{"key":"from","label":"From","placeholder":"From","type":"SingleLineText","required":true},{"key":"region","label":"Region","placeholder":"Region","type":"SingleLineText","required":true},{"key":"access_key","label":"Access Key","placeholder":"Access Key","type":"SingleLineText","required":true},{"key":"access_secret","label":"Access Secret","placeholder":"Access Secret","type":"Password","required":true}],"actions":[{"label":"Test","placeholder":"Test","key":"test","actionType":"TEST","type":"Button"},{"label":"Save","placeholder":"Save","key":"save","actionType":"SUBMIT","type":"Button"}],"msgOnInstall":"Successfully installed and email notification will use Amazon SES","msgOnUninstall":""}	\N	\N	\N	\N	2024-02-01 19:28:31+00	2024-02-01 19:28:31+00
\.


--
-- Data for Name: nc_projects; Type: TABLE DATA; Schema: public; Owner: postgres
--

COPY public.nc_projects (id, title, status, description, config, meta, created_at, updated_at) FROM stdin;
\.


--
-- Data for Name: nc_projects_users; Type: TABLE DATA; Schema: public; Owner: postgres
--

COPY public.nc_projects_users (project_id, user_id, roles, created_at, updated_at) FROM stdin;
\.


--
-- Data for Name: nc_relations; Type: TABLE DATA; Schema: public; Owner: postgres
--

COPY public.nc_relations (id, project_id, db_alias, tn, rtn, _tn, _rtn, cn, rcn, _cn, _rcn, referenced_db_alias, type, db_type, ur, dr, created_at, updated_at, fkn) FROM stdin;
\.


--
-- Data for Name: nc_resolvers; Type: TABLE DATA; Schema: public; Owner: postgres
--

COPY public.nc_resolvers (id, project_id, db_alias, title, resolver, type, acl, functions, handler_type, created_at, updated_at) FROM stdin;
\.


--
-- Data for Name: nc_roles; Type: TABLE DATA; Schema: public; Owner: postgres
--

COPY public.nc_roles (id, project_id, db_alias, title, type, description, created_at, updated_at) FROM stdin;
1			owner	SYSTEM	Can add/remove creators. And full edit database structures & fields.	\N	\N
2			creator	SYSTEM	Can fully edit database structure & values	\N	\N
3			editor	SYSTEM	Can edit records but cannot change structure of database/fields	\N	\N
4			commenter	SYSTEM	Can view and comment the records but cannot edit anything	\N	\N
5			viewer	SYSTEM	Can view the records but cannot edit anything	\N	\N
\.


--
-- Data for Name: nc_routes; Type: TABLE DATA; Schema: public; Owner: postgres
--

COPY public.nc_routes (id, project_id, db_alias, title, tn, tnp, tnc, relation_type, path, type, handler, acl, "order", functions, handler_type, is_custom, created_at, updated_at) FROM stdin;
\.


--
-- Data for Name: nc_rpc; Type: TABLE DATA; Schema: public; Owner: postgres
--

COPY public.nc_rpc (id, project_id, db_alias, title, tn, service, tnp, tnc, relation_type, "order", type, acl, functions, handler_type, created_at, updated_at) FROM stdin;
\.


--
-- Data for Name: nc_shared_bases; Type: TABLE DATA; Schema: public; Owner: postgres
--

COPY public.nc_shared_bases (id, project_id, db_alias, roles, shared_base_id, enabled, password, created_at, updated_at) FROM stdin;
\.


--
-- Data for Name: nc_shared_views; Type: TABLE DATA; Schema: public; Owner: postgres
--

COPY public.nc_shared_views (id, project_id, db_alias, model_name, meta, query_params, view_id, show_all_fields, allow_copy, password, created_at, updated_at, view_type, view_name) FROM stdin;
\.


--
-- Data for Name: nc_shared_views_v2; Type: TABLE DATA; Schema: public; Owner: postgres
--

COPY public.nc_shared_views_v2 (id, fk_view_id, meta, query_params, view_id, show_all_fields, allow_copy, password, deleted, "order", created_at, updated_at) FROM stdin;
\.


--
-- Data for Name: nc_sort_v2; Type: TABLE DATA; Schema: public; Owner: postgres
--

COPY public.nc_sort_v2 (id, source_id, base_id, fk_view_id, fk_column_id, direction, "order", created_at, updated_at) FROM stdin;
sor4zc1x023mypio	b7h4beh25tf3z66	pku0f4n052lothp	vwb4amr5epece2qo	cjzilol0cye6n89	asc	3	2024-02-02 23:25:57+00	2024-02-02 23:25:57+00
sosqfi9bl286dsyr	b7h4beh25tf3z66	pku0f4n052lothp	vwb4amr5epece2qo	ci595sas9flji2n	desc	1	2024-02-02 23:26:03+00	2024-02-02 23:26:03+00
\.


--
-- Data for Name: nc_sources_v2; Type: TABLE DATA; Schema: public; Owner: postgres
--

COPY public.nc_sources_v2 (id, base_id, alias, config, meta, is_meta, type, inflection_column, inflection_table, created_at, updated_at, enabled, "order", description, erd_uuid, deleted) FROM stdin;
b7h4beh25tf3z66	pku0f4n052lothp	\N	U2FsdGVkX1/kUKJ+p8OaU3fr3ZQQZV3BxshvtPQEVpA=	\N	t	pg	camelize	camelize	2024-02-01 19:29:22+00	2024-02-01 19:29:22+00	t	1	\N	\N	f
\.


--
-- Data for Name: nc_store; Type: TABLE DATA; Schema: public; Owner: postgres
--

COPY public.nc_store (id, base_id, db_alias, key, value, type, env, tag, created_at, updated_at) FROM stdin;
1	\N		NC_DEBUG	{"nc:app":false,"nc:api:rest":false,"nc:api:source":false,"nc:api:gql":false,"nc:api:grpc":false,"nc:migrator":false,"nc:datamapper":false}	\N	\N	\N	\N	\N
2	\N		NC_PROJECT_COUNT	0	\N	\N	\N	\N	\N
3			nc_auth_jwt_secret	652d585a-457e-42de-824a-a296aefe9614	\N	\N	\N	2024-02-01 19:28:31+00	2024-02-01 19:28:31+00
4			nc_server_id	769733691c177113ceb330e853201147d8acddbebfe6036592d6a4c2b6a9c92c	\N	\N	\N	2024-02-01 19:28:31+00	2024-02-01 19:28:31+00
5			NC_CONFIG_MAIN	{"version":"0111005"}	\N	\N	\N	2024-02-01 19:28:31+00	2024-02-01 19:28:31+00
\.


--
-- Data for Name: nc_sync_logs_v2; Type: TABLE DATA; Schema: public; Owner: postgres
--

COPY public.nc_sync_logs_v2 (id, base_id, fk_sync_source_id, time_taken, status, status_details, created_at, updated_at) FROM stdin;
\.


--
-- Data for Name: nc_sync_source_v2; Type: TABLE DATA; Schema: public; Owner: postgres
--

COPY public.nc_sync_source_v2 (id, title, type, details, deleted, enabled, "order", base_id, fk_user_id, created_at, updated_at, source_id) FROM stdin;
\.


--
-- Data for Name: nc_team_users_v2; Type: TABLE DATA; Schema: public; Owner: postgres
--

COPY public.nc_team_users_v2 (org_id, user_id, created_at, updated_at) FROM stdin;
\.


--
-- Data for Name: nc_teams_v2; Type: TABLE DATA; Schema: public; Owner: postgres
--

COPY public.nc_teams_v2 (id, title, org_id, created_at, updated_at) FROM stdin;
\.


--
-- Data for Name: nc_users_v2; Type: TABLE DATA; Schema: public; Owner: postgres
--

COPY public.nc_users_v2 (id, email, password, salt, refresh_token, invite_token, invite_token_expires, reset_password_expires, reset_password_token, email_verification_token, email_verified, roles, created_at, updated_at, token_version, display_name, user_name) FROM stdin;
usf8z9j18q1qv6jf	clement.brutti.mairesse@gmail.com	$2a$10$1xsl4U2ksNkzio50P0iv6e8WJOa1aqQFW3mVEQEH1SCEa3mqKMj52	$2a$10$1xsl4U2ksNkzio50P0iv6e	3844ffc2382fff66546d4aa04cb99fe6b79a0a967c9b88cd4fcf8a0e4358bff2682a941ed3c94e14	\N	\N	\N	\N	feac2705-1e58-4025-9bca-b0c8dfd79df7	\N	org-level-creator,super	2024-02-01 19:29:22+00	2024-02-03 09:34:18+00	d964cc56b818e03f8087e7781ea7a127695f086cdc514598dcf21203d15e968c40cd3e0a5bbf576d	\N	\N
\.


--
-- Data for Name: nc_views_v2; Type: TABLE DATA; Schema: public; Owner: postgres
--

COPY public.nc_views_v2 (id, source_id, base_id, fk_model_id, title, type, is_default, show_system_fields, lock_type, uuid, password, show, "order", created_at, updated_at, meta, description) FROM stdin;
vw29fm25dhkn8xue	b7h4beh25tf3z66	pku0f4n052lothp	m624pufz23o9lt7	Jurisdiction	3	t	\N	collaborative	\N	\N	t	1	2024-02-02 22:10:14+00	2024-02-02 22:10:14+00	{}	\N
vwkpf66f96mm6ima	b7h4beh25tf3z66	pku0f4n052lothp	m30p692bsgwk5eq	Ground	3	t	\N	collaborative	\N	\N	t	1	2024-02-02 22:11:27+00	2024-02-02 22:11:27+00	{}	\N
vw3fji8wdahmu4wn	b7h4beh25tf3z66	pku0f4n052lothp	myzi8ry2u91yan3	Agent	3	t	\N	collaborative	\N	\N	t	1	2024-02-02 22:35:49+00	2024-02-02 22:35:49+00	{}	\N
vwb4amr5epece2qo	b7h4beh25tf3z66	pku0f4n052lothp	m1jynfeukwahr5p	Case	3	t	\N	collaborative	\N	\N	t	1	2024-02-02 23:00:41+00	2024-02-02 23:00:41+00	{}	\N
vwnbqo3wgudy6cj4	b7h4beh25tf3z66	pku0f4n052lothp	mdoxs9fuu2uitwk	Decision	3	t	\N	collaborative	\N	\N	t	1	2024-02-03 09:34:59+00	2024-02-03 09:34:59+00	{}	\N
vwodff58i4fekg1h	b7h4beh25tf3z66	pku0f4n052lothp	md1rpqsy3zyf7j4	Resource	3	t	\N	collaborative	\N	\N	t	1	2024-02-03 09:43:08+00	2024-02-03 09:43:08+00	{}	\N
vw2fcxfducbgsl3e	b7h4beh25tf3z66	pku0f4n052lothp	miex0yatfcr9uct	nc_e7nm___nc_m2m_007mhrmiat	3	t	\N	collaborative	\N	\N	t	1	2024-02-03 09:47:10+00	2024-02-03 09:47:10+00	{}	\N
vwk1az066f9zahmv	b7h4beh25tf3z66	pku0f4n052lothp	mfve7346lou90ah	nc_e7nm___nc_m2m_q863b2oj_i	3	t	\N	collaborative	\N	\N	t	1	2024-02-03 09:48:28+00	2024-02-03 09:48:28+00	{}	\N
vwgsq4tvyhvrkjev	b7h4beh25tf3z66	pku0f4n052lothp	m4jelc42pjwrtbk	nc_e7nm___nc_m2m_151ol2lo7a	3	t	\N	collaborative	\N	\N	t	1	2024-02-03 09:48:50+00	2024-02-03 09:48:50+00	{}	\N
vw3reahx7wvqr0uj	b7h4beh25tf3z66	pku0f4n052lothp	mh9kiuq169j41g7	nc_e7nm___nc_m2m_7hb1yhahw5	3	t	\N	collaborative	\N	\N	t	1	2024-02-03 09:49:12+00	2024-02-03 09:49:12+00	{}	\N
\.


--
-- Data for Name: notification; Type: TABLE DATA; Schema: public; Owner: postgres
--

COPY public.notification (id, type, body, is_read, is_deleted, fk_user_id, created_at, updated_at) FROM stdin;
nclzqsqsodig4ass	app.welcome	{}	f	f	usf8z9j18q1qv6jf	2024-02-01 19:29:22+00	2024-02-01 19:29:22+00
\.


--
-- Data for Name: xc_knex_migrations; Type: TABLE DATA; Schema: public; Owner: postgres
--

COPY public.xc_knex_migrations (id, name, batch, migration_time) FROM stdin;
1	project	1	2024-02-01 19:28:30.743+00
2	m2m	1	2024-02-01 19:28:30.749+00
3	fkn	1	2024-02-01 19:28:30.753+00
4	viewType	1	2024-02-01 19:28:30.756+00
5	viewName	1	2024-02-01 19:28:30.76+00
6	nc_006_alter_nc_shared_views	1	2024-02-01 19:28:30.764+00
7	nc_007_alter_nc_shared_views_1	1	2024-02-01 19:28:30.769+00
8	nc_008_add_nc_shared_bases	1	2024-02-01 19:28:30.781+00
9	nc_009_add_model_order	1	2024-02-01 19:28:30.791+00
10	nc_010_add_parent_title_column	1	2024-02-01 19:28:30.794+00
11	nc_011_remove_old_ses_plugin	1	2024-02-01 19:28:30.8+00
\.


--
-- Data for Name: xc_knex_migrations_lock; Type: TABLE DATA; Schema: public; Owner: postgres
--

COPY public.xc_knex_migrations_lock (index, is_locked) FROM stdin;
1	0
\.


--
-- Data for Name: xc_knex_migrationsv2; Type: TABLE DATA; Schema: public; Owner: postgres
--

COPY public.xc_knex_migrationsv2 (id, name, batch, migration_time) FROM stdin;
1	nc_011	1	2024-02-01 19:28:31.087+00
2	nc_012_alter_column_data_types	1	2024-02-01 19:28:31.091+00
3	nc_013_sync_source	1	2024-02-01 19:28:31.098+00
4	nc_014_alter_column_data_types	1	2024-02-01 19:28:31.102+00
5	nc_015_add_meta_col_in_column_table	1	2024-02-01 19:28:31.103+00
6	nc_016_alter_hooklog_payload_types	1	2024-02-01 19:28:31.106+00
7	nc_017_add_user_token_version_column	1	2024-02-01 19:28:31.107+00
8	nc_018_add_meta_in_view	1	2024-02-01 19:28:31.108+00
9	nc_019_add_meta_in_meta_tables	1	2024-02-01 19:28:31.111+00
10	nc_020_kanban_view	1	2024-02-01 19:28:31.114+00
11	nc_021_add_fields_in_token	1	2024-02-01 19:28:31.116+00
12	nc_022_qr_code_column_type	1	2024-02-01 19:28:31.12+00
13	nc_023_multiple_source	1	2024-02-01 19:28:31.123+00
14	nc_024_barcode_column_type	1	2024-02-01 19:28:31.126+00
15	nc_025_add_row_height	1	2024-02-01 19:28:31.127+00
16	nc_026_map_view	1	2024-02-01 19:28:31.136+00
17	nc_027_add_comparison_sub_op	1	2024-02-01 19:28:31.137+00
18	nc_028_add_enable_scanner_in_form_columns_meta_table	1	2024-02-01 19:28:31.138+00
19	nc_029_webhook	1	2024-02-01 19:28:31.14+00
20	nc_030_add_description_field	1	2024-02-01 19:28:31.142+00
21	nc_031_remove_fk_and_add_idx	1	2024-02-01 19:28:31.242+00
22	nc_033_add_group_by	1	2024-02-01 19:28:31.243+00
23	nc_034_erd_filter_and_notification	1	2024-02-01 19:28:31.258+00
24	nc_035_add_username_to_users	1	2024-02-01 19:28:31.26+00
25	nc_036_base_deleted	1	2024-02-01 19:28:31.261+00
26	nc_037_rename_project_and_base	1	2024-02-01 19:28:31.435+00
27	nc_038_formula_parsed_tree_column	1	2024-02-01 19:28:31.436+00
\.


--
-- Data for Name: xc_knex_migrationsv2_lock; Type: TABLE DATA; Schema: public; Owner: postgres
--

COPY public.xc_knex_migrationsv2_lock (index, is_locked) FROM stdin;
1	0
\.


--
-- Name: nc_acl_id_seq; Type: SEQUENCE SET; Schema: public; Owner: postgres
--

SELECT pg_catalog.setval('public.nc_acl_id_seq', 1, false);


--
-- Name: nc_api_tokens_id_seq; Type: SEQUENCE SET; Schema: public; Owner: postgres
--

SELECT pg_catalog.setval('public.nc_api_tokens_id_seq', 1, false);


--
-- Name: nc_audit_id_seq; Type: SEQUENCE SET; Schema: public; Owner: postgres
--

SELECT pg_catalog.setval('public.nc_audit_id_seq', 1, false);


--
-- Name: nc_cron_id_seq; Type: SEQUENCE SET; Schema: public; Owner: postgres
--

SELECT pg_catalog.setval('public.nc_cron_id_seq', 1, false);


--
-- Name: nc_disabled_models_for_role_id_seq; Type: SEQUENCE SET; Schema: public; Owner: postgres
--

SELECT pg_catalog.setval('public.nc_disabled_models_for_role_id_seq', 1, false);


--
-- Name: nc_e7nm___Agent_id_seq; Type: SEQUENCE SET; Schema: public; Owner: postgres
--

SELECT pg_catalog.setval('public."nc_e7nm___Agent_id_seq"', 63, true);


--
-- Name: nc_e7nm___Case_id_seq; Type: SEQUENCE SET; Schema: public; Owner: postgres
--

SELECT pg_catalog.setval('public."nc_e7nm___Case_id_seq"', 107, true);


--
-- Name: nc_e7nm___Decision_id_seq; Type: SEQUENCE SET; Schema: public; Owner: postgres
--

SELECT pg_catalog.setval('public."nc_e7nm___Decision_id_seq"', 26, true);


--
-- Name: nc_e7nm___Ground_id_seq; Type: SEQUENCE SET; Schema: public; Owner: postgres
--

SELECT pg_catalog.setval('public."nc_e7nm___Ground_id_seq"', 25, true);


--
-- Name: nc_e7nm___Jurisdiction_id_seq; Type: SEQUENCE SET; Schema: public; Owner: postgres
--

SELECT pg_catalog.setval('public."nc_e7nm___Jurisdiction_id_seq"', 25, true);


--
-- Name: nc_e7nm___Resource_id_seq; Type: SEQUENCE SET; Schema: public; Owner: postgres
--

SELECT pg_catalog.setval('public."nc_e7nm___Resource_id_seq"', 27, true);


--
-- Name: nc_hooks_id_seq; Type: SEQUENCE SET; Schema: public; Owner: postgres
--

SELECT pg_catalog.setval('public.nc_hooks_id_seq', 1, true);


--
-- Name: nc_loaders_id_seq; Type: SEQUENCE SET; Schema: public; Owner: postgres
--

SELECT pg_catalog.setval('public.nc_loaders_id_seq', 1, false);


--
-- Name: nc_migrations_id_seq; Type: SEQUENCE SET; Schema: public; Owner: postgres
--

SELECT pg_catalog.setval('public.nc_migrations_id_seq', 1, false);


--
-- Name: nc_models_id_seq; Type: SEQUENCE SET; Schema: public; Owner: postgres
--

SELECT pg_catalog.setval('public.nc_models_id_seq', 1, false);


--
-- Name: nc_plugins_id_seq; Type: SEQUENCE SET; Schema: public; Owner: postgres
--

SELECT pg_catalog.setval('public.nc_plugins_id_seq', 1, false);


--
-- Name: nc_relations_id_seq; Type: SEQUENCE SET; Schema: public; Owner: postgres
--

SELECT pg_catalog.setval('public.nc_relations_id_seq', 1, false);


--
-- Name: nc_resolvers_id_seq; Type: SEQUENCE SET; Schema: public; Owner: postgres
--

SELECT pg_catalog.setval('public.nc_resolvers_id_seq', 1, false);


--
-- Name: nc_roles_id_seq; Type: SEQUENCE SET; Schema: public; Owner: postgres
--

SELECT pg_catalog.setval('public.nc_roles_id_seq', 5, true);


--
-- Name: nc_routes_id_seq; Type: SEQUENCE SET; Schema: public; Owner: postgres
--

SELECT pg_catalog.setval('public.nc_routes_id_seq', 1, false);


--
-- Name: nc_rpc_id_seq; Type: SEQUENCE SET; Schema: public; Owner: postgres
--

SELECT pg_catalog.setval('public.nc_rpc_id_seq', 1, false);


--
-- Name: nc_shared_bases_id_seq; Type: SEQUENCE SET; Schema: public; Owner: postgres
--

SELECT pg_catalog.setval('public.nc_shared_bases_id_seq', 1, false);


--
-- Name: nc_shared_views_id_seq; Type: SEQUENCE SET; Schema: public; Owner: postgres
--

SELECT pg_catalog.setval('public.nc_shared_views_id_seq', 1, false);


--
-- Name: nc_store_id_seq; Type: SEQUENCE SET; Schema: public; Owner: postgres
--

SELECT pg_catalog.setval('public.nc_store_id_seq', 5, true);


--
-- Name: xc_knex_migrations_id_seq; Type: SEQUENCE SET; Schema: public; Owner: postgres
--

SELECT pg_catalog.setval('public.xc_knex_migrations_id_seq', 11, true);


--
-- Name: xc_knex_migrations_lock_index_seq; Type: SEQUENCE SET; Schema: public; Owner: postgres
--

SELECT pg_catalog.setval('public.xc_knex_migrations_lock_index_seq', 1, true);


--
-- Name: xc_knex_migrationsv2_id_seq; Type: SEQUENCE SET; Schema: public; Owner: postgres
--

SELECT pg_catalog.setval('public.xc_knex_migrationsv2_id_seq', 27, true);


--
-- Name: xc_knex_migrationsv2_lock_index_seq; Type: SEQUENCE SET; Schema: public; Owner: postgres
--

SELECT pg_catalog.setval('public.xc_knex_migrationsv2_lock_index_seq', 1, true);


--
-- Name: nc_acl nc_acl_pkey; Type: CONSTRAINT; Schema: public; Owner: postgres
--

ALTER TABLE ONLY public.nc_acl
    ADD CONSTRAINT nc_acl_pkey PRIMARY KEY (id);


--
-- Name: nc_api_tokens nc_api_tokens_pkey; Type: CONSTRAINT; Schema: public; Owner: postgres
--

ALTER TABLE ONLY public.nc_api_tokens
    ADD CONSTRAINT nc_api_tokens_pkey PRIMARY KEY (id);


--
-- Name: nc_audit nc_audit_pkey; Type: CONSTRAINT; Schema: public; Owner: postgres
--

ALTER TABLE ONLY public.nc_audit
    ADD CONSTRAINT nc_audit_pkey PRIMARY KEY (id);


--
-- Name: nc_audit_v2 nc_audit_v2_pkey; Type: CONSTRAINT; Schema: public; Owner: postgres
--

ALTER TABLE ONLY public.nc_audit_v2
    ADD CONSTRAINT nc_audit_v2_pkey PRIMARY KEY (id);


--
-- Name: nc_sources_v2 nc_bases_v2_pkey; Type: CONSTRAINT; Schema: public; Owner: postgres
--

ALTER TABLE ONLY public.nc_sources_v2
    ADD CONSTRAINT nc_bases_v2_pkey PRIMARY KEY (id);


--
-- Name: nc_col_barcode_v2 nc_col_barcode_v2_pkey; Type: CONSTRAINT; Schema: public; Owner: postgres
--

ALTER TABLE ONLY public.nc_col_barcode_v2
    ADD CONSTRAINT nc_col_barcode_v2_pkey PRIMARY KEY (id);


--
-- Name: nc_col_formula_v2 nc_col_formula_v2_pkey; Type: CONSTRAINT; Schema: public; Owner: postgres
--

ALTER TABLE ONLY public.nc_col_formula_v2
    ADD CONSTRAINT nc_col_formula_v2_pkey PRIMARY KEY (id);


--
-- Name: nc_col_lookup_v2 nc_col_lookup_v2_pkey; Type: CONSTRAINT; Schema: public; Owner: postgres
--

ALTER TABLE ONLY public.nc_col_lookup_v2
    ADD CONSTRAINT nc_col_lookup_v2_pkey PRIMARY KEY (id);


--
-- Name: nc_col_qrcode_v2 nc_col_qrcode_v2_pkey; Type: CONSTRAINT; Schema: public; Owner: postgres
--

ALTER TABLE ONLY public.nc_col_qrcode_v2
    ADD CONSTRAINT nc_col_qrcode_v2_pkey PRIMARY KEY (id);


--
-- Name: nc_col_relations_v2 nc_col_relations_v2_pkey; Type: CONSTRAINT; Schema: public; Owner: postgres
--

ALTER TABLE ONLY public.nc_col_relations_v2
    ADD CONSTRAINT nc_col_relations_v2_pkey PRIMARY KEY (id);


--
-- Name: nc_col_rollup_v2 nc_col_rollup_v2_pkey; Type: CONSTRAINT; Schema: public; Owner: postgres
--

ALTER TABLE ONLY public.nc_col_rollup_v2
    ADD CONSTRAINT nc_col_rollup_v2_pkey PRIMARY KEY (id);


--
-- Name: nc_col_select_options_v2 nc_col_select_options_v2_pkey; Type: CONSTRAINT; Schema: public; Owner: postgres
--

ALTER TABLE ONLY public.nc_col_select_options_v2
    ADD CONSTRAINT nc_col_select_options_v2_pkey PRIMARY KEY (id);


--
-- Name: nc_columns_v2 nc_columns_v2_pkey; Type: CONSTRAINT; Schema: public; Owner: postgres
--

ALTER TABLE ONLY public.nc_columns_v2
    ADD CONSTRAINT nc_columns_v2_pkey PRIMARY KEY (id);


--
-- Name: nc_cron nc_cron_pkey; Type: CONSTRAINT; Schema: public; Owner: postgres
--

ALTER TABLE ONLY public.nc_cron
    ADD CONSTRAINT nc_cron_pkey PRIMARY KEY (id);


--
-- Name: nc_disabled_models_for_role nc_disabled_models_for_role_pkey; Type: CONSTRAINT; Schema: public; Owner: postgres
--

ALTER TABLE ONLY public.nc_disabled_models_for_role
    ADD CONSTRAINT nc_disabled_models_for_role_pkey PRIMARY KEY (id);


--
-- Name: nc_disabled_models_for_role_v2 nc_disabled_models_for_role_v2_pkey; Type: CONSTRAINT; Schema: public; Owner: postgres
--

ALTER TABLE ONLY public.nc_disabled_models_for_role_v2
    ADD CONSTRAINT nc_disabled_models_for_role_v2_pkey PRIMARY KEY (id);


--
-- Name: nc_e7nm___Agent nc_e7nm___Agent_pkey; Type: CONSTRAINT; Schema: public; Owner: postgres
--

ALTER TABLE ONLY public."nc_e7nm___Agent"
    ADD CONSTRAINT "nc_e7nm___Agent_pkey" PRIMARY KEY (id);


--
-- Name: nc_e7nm___Case nc_e7nm___Case_pkey; Type: CONSTRAINT; Schema: public; Owner: postgres
--

ALTER TABLE ONLY public."nc_e7nm___Case"
    ADD CONSTRAINT "nc_e7nm___Case_pkey" PRIMARY KEY (id);


--
-- Name: nc_e7nm___Decision nc_e7nm___Decision_pkey; Type: CONSTRAINT; Schema: public; Owner: postgres
--

ALTER TABLE ONLY public."nc_e7nm___Decision"
    ADD CONSTRAINT "nc_e7nm___Decision_pkey" PRIMARY KEY (id);


--
-- Name: nc_e7nm__Ground nc_e7nm___Ground_pkey; Type: CONSTRAINT; Schema: public; Owner: postgres
--

ALTER TABLE ONLY public."nc_e7nm__Ground"
    ADD CONSTRAINT "nc_e7nm___Ground_pkey" PRIMARY KEY (id);


--
-- Name: nc_e7nm__Jurisdiction nc_e7nm___Jurisdiction_pkey; Type: CONSTRAINT; Schema: public; Owner: postgres
--

ALTER TABLE ONLY public."nc_e7nm__Jurisdiction"
    ADD CONSTRAINT "nc_e7nm___Jurisdiction_pkey" PRIMARY KEY (id);


--
-- Name: nc_e7nm___Resource nc_e7nm___Resource_pkey; Type: CONSTRAINT; Schema: public; Owner: postgres
--

ALTER TABLE ONLY public."nc_e7nm___Resource"
    ADD CONSTRAINT "nc_e7nm___Resource_pkey" PRIMARY KEY (id);


--
-- Name: nc_e7nm___nc_m2m_007mhrmiat nc_e7nm___nc_m2m_007mhrmiat_pkey; Type: CONSTRAINT; Schema: public; Owner: postgres
--

ALTER TABLE ONLY public.nc_e7nm___nc_m2m_007mhrmiat
    ADD CONSTRAINT nc_e7nm___nc_m2m_007mhrmiat_pkey PRIMARY KEY (table2_id, table1_id);


--
-- Name: nc_e7nm___nc_m2m_151ol2lo7a nc_e7nm___nc_m2m_151ol2lo7a_pkey; Type: CONSTRAINT; Schema: public; Owner: postgres
--

ALTER TABLE ONLY public.nc_e7nm___nc_m2m_151ol2lo7a
    ADD CONSTRAINT nc_e7nm___nc_m2m_151ol2lo7a_pkey PRIMARY KEY (table2_id, table1_id);


--
-- Name: nc_e7nm___nc_m2m_7hb1yhahw5 nc_e7nm___nc_m2m_7hb1yhahw5_pkey; Type: CONSTRAINT; Schema: public; Owner: postgres
--

ALTER TABLE ONLY public.nc_e7nm___nc_m2m_7hb1yhahw5
    ADD CONSTRAINT nc_e7nm___nc_m2m_7hb1yhahw5_pkey PRIMARY KEY (table2_id, table1_id);


--
-- Name: nc_e7nm___nc_m2m_q863b2oj_i nc_e7nm___nc_m2m_q863b2oj_i_pkey; Type: CONSTRAINT; Schema: public; Owner: postgres
--

ALTER TABLE ONLY public.nc_e7nm___nc_m2m_q863b2oj_i
    ADD CONSTRAINT nc_e7nm___nc_m2m_q863b2oj_i_pkey PRIMARY KEY (table2_id, table1_id);


--
-- Name: nc_filter_exp_v2 nc_filter_exp_v2_pkey; Type: CONSTRAINT; Schema: public; Owner: postgres
--

ALTER TABLE ONLY public.nc_filter_exp_v2
    ADD CONSTRAINT nc_filter_exp_v2_pkey PRIMARY KEY (id);


--
-- Name: nc_form_view_columns_v2 nc_form_view_columns_v2_pkey; Type: CONSTRAINT; Schema: public; Owner: postgres
--

ALTER TABLE ONLY public.nc_form_view_columns_v2
    ADD CONSTRAINT nc_form_view_columns_v2_pkey PRIMARY KEY (id);


--
-- Name: nc_form_view_v2 nc_form_view_v2_pkey; Type: CONSTRAINT; Schema: public; Owner: postgres
--

ALTER TABLE ONLY public.nc_form_view_v2
    ADD CONSTRAINT nc_form_view_v2_pkey PRIMARY KEY (fk_view_id);


--
-- Name: nc_gallery_view_columns_v2 nc_gallery_view_columns_v2_pkey; Type: CONSTRAINT; Schema: public; Owner: postgres
--

ALTER TABLE ONLY public.nc_gallery_view_columns_v2
    ADD CONSTRAINT nc_gallery_view_columns_v2_pkey PRIMARY KEY (id);


--
-- Name: nc_gallery_view_v2 nc_gallery_view_v2_pkey; Type: CONSTRAINT; Schema: public; Owner: postgres
--

ALTER TABLE ONLY public.nc_gallery_view_v2
    ADD CONSTRAINT nc_gallery_view_v2_pkey PRIMARY KEY (fk_view_id);


--
-- Name: nc_grid_view_columns_v2 nc_grid_view_columns_v2_pkey; Type: CONSTRAINT; Schema: public; Owner: postgres
--

ALTER TABLE ONLY public.nc_grid_view_columns_v2
    ADD CONSTRAINT nc_grid_view_columns_v2_pkey PRIMARY KEY (id);


--
-- Name: nc_grid_view_v2 nc_grid_view_v2_pkey; Type: CONSTRAINT; Schema: public; Owner: postgres
--

ALTER TABLE ONLY public.nc_grid_view_v2
    ADD CONSTRAINT nc_grid_view_v2_pkey PRIMARY KEY (fk_view_id);


--
-- Name: nc_hook_logs_v2 nc_hook_logs_v2_pkey; Type: CONSTRAINT; Schema: public; Owner: postgres
--

ALTER TABLE ONLY public.nc_hook_logs_v2
    ADD CONSTRAINT nc_hook_logs_v2_pkey PRIMARY KEY (id);


--
-- Name: nc_hooks nc_hooks_pkey; Type: CONSTRAINT; Schema: public; Owner: postgres
--

ALTER TABLE ONLY public.nc_hooks
    ADD CONSTRAINT nc_hooks_pkey PRIMARY KEY (id);


--
-- Name: nc_hooks_v2 nc_hooks_v2_pkey; Type: CONSTRAINT; Schema: public; Owner: postgres
--

ALTER TABLE ONLY public.nc_hooks_v2
    ADD CONSTRAINT nc_hooks_v2_pkey PRIMARY KEY (id);


--
-- Name: nc_kanban_view_columns_v2 nc_kanban_view_columns_v2_pkey; Type: CONSTRAINT; Schema: public; Owner: postgres
--

ALTER TABLE ONLY public.nc_kanban_view_columns_v2
    ADD CONSTRAINT nc_kanban_view_columns_v2_pkey PRIMARY KEY (id);


--
-- Name: nc_kanban_view_v2 nc_kanban_view_v2_pkey; Type: CONSTRAINT; Schema: public; Owner: postgres
--

ALTER TABLE ONLY public.nc_kanban_view_v2
    ADD CONSTRAINT nc_kanban_view_v2_pkey PRIMARY KEY (fk_view_id);


--
-- Name: nc_loaders nc_loaders_pkey; Type: CONSTRAINT; Schema: public; Owner: postgres
--

ALTER TABLE ONLY public.nc_loaders
    ADD CONSTRAINT nc_loaders_pkey PRIMARY KEY (id);


--
-- Name: nc_map_view_columns_v2 nc_map_view_columns_v2_pkey; Type: CONSTRAINT; Schema: public; Owner: postgres
--

ALTER TABLE ONLY public.nc_map_view_columns_v2
    ADD CONSTRAINT nc_map_view_columns_v2_pkey PRIMARY KEY (id);


--
-- Name: nc_map_view_v2 nc_map_view_v2_pkey; Type: CONSTRAINT; Schema: public; Owner: postgres
--

ALTER TABLE ONLY public.nc_map_view_v2
    ADD CONSTRAINT nc_map_view_v2_pkey PRIMARY KEY (fk_view_id);


--
-- Name: nc_migrations nc_migrations_pkey; Type: CONSTRAINT; Schema: public; Owner: postgres
--

ALTER TABLE ONLY public.nc_migrations
    ADD CONSTRAINT nc_migrations_pkey PRIMARY KEY (id);


--
-- Name: nc_models nc_models_pkey; Type: CONSTRAINT; Schema: public; Owner: postgres
--

ALTER TABLE ONLY public.nc_models
    ADD CONSTRAINT nc_models_pkey PRIMARY KEY (id);


--
-- Name: nc_models_v2 nc_models_v2_pkey; Type: CONSTRAINT; Schema: public; Owner: postgres
--

ALTER TABLE ONLY public.nc_models_v2
    ADD CONSTRAINT nc_models_v2_pkey PRIMARY KEY (id);


--
-- Name: nc_orgs_v2 nc_orgs_v2_pkey; Type: CONSTRAINT; Schema: public; Owner: postgres
--

ALTER TABLE ONLY public.nc_orgs_v2
    ADD CONSTRAINT nc_orgs_v2_pkey PRIMARY KEY (id);


--
-- Name: nc_plugins nc_plugins_pkey; Type: CONSTRAINT; Schema: public; Owner: postgres
--

ALTER TABLE ONLY public.nc_plugins
    ADD CONSTRAINT nc_plugins_pkey PRIMARY KEY (id);


--
-- Name: nc_plugins_v2 nc_plugins_v2_pkey; Type: CONSTRAINT; Schema: public; Owner: postgres
--

ALTER TABLE ONLY public.nc_plugins_v2
    ADD CONSTRAINT nc_plugins_v2_pkey PRIMARY KEY (id);


--
-- Name: nc_projects nc_projects_pkey; Type: CONSTRAINT; Schema: public; Owner: postgres
--

ALTER TABLE ONLY public.nc_projects
    ADD CONSTRAINT nc_projects_pkey PRIMARY KEY (id);


--
-- Name: nc_bases_v2 nc_projects_v2_pkey; Type: CONSTRAINT; Schema: public; Owner: postgres
--

ALTER TABLE ONLY public.nc_bases_v2
    ADD CONSTRAINT nc_projects_v2_pkey PRIMARY KEY (id);


--
-- Name: nc_relations nc_relations_pkey; Type: CONSTRAINT; Schema: public; Owner: postgres
--

ALTER TABLE ONLY public.nc_relations
    ADD CONSTRAINT nc_relations_pkey PRIMARY KEY (id);


--
-- Name: nc_resolvers nc_resolvers_pkey; Type: CONSTRAINT; Schema: public; Owner: postgres
--

ALTER TABLE ONLY public.nc_resolvers
    ADD CONSTRAINT nc_resolvers_pkey PRIMARY KEY (id);


--
-- Name: nc_roles nc_roles_pkey; Type: CONSTRAINT; Schema: public; Owner: postgres
--

ALTER TABLE ONLY public.nc_roles
    ADD CONSTRAINT nc_roles_pkey PRIMARY KEY (id);


--
-- Name: nc_routes nc_routes_pkey; Type: CONSTRAINT; Schema: public; Owner: postgres
--

ALTER TABLE ONLY public.nc_routes
    ADD CONSTRAINT nc_routes_pkey PRIMARY KEY (id);


--
-- Name: nc_rpc nc_rpc_pkey; Type: CONSTRAINT; Schema: public; Owner: postgres
--

ALTER TABLE ONLY public.nc_rpc
    ADD CONSTRAINT nc_rpc_pkey PRIMARY KEY (id);


--
-- Name: nc_shared_bases nc_shared_bases_pkey; Type: CONSTRAINT; Schema: public; Owner: postgres
--

ALTER TABLE ONLY public.nc_shared_bases
    ADD CONSTRAINT nc_shared_bases_pkey PRIMARY KEY (id);


--
-- Name: nc_shared_views nc_shared_views_pkey; Type: CONSTRAINT; Schema: public; Owner: postgres
--

ALTER TABLE ONLY public.nc_shared_views
    ADD CONSTRAINT nc_shared_views_pkey PRIMARY KEY (id);


--
-- Name: nc_shared_views_v2 nc_shared_views_v2_pkey; Type: CONSTRAINT; Schema: public; Owner: postgres
--

ALTER TABLE ONLY public.nc_shared_views_v2
    ADD CONSTRAINT nc_shared_views_v2_pkey PRIMARY KEY (id);


--
-- Name: nc_sort_v2 nc_sort_v2_pkey; Type: CONSTRAINT; Schema: public; Owner: postgres
--

ALTER TABLE ONLY public.nc_sort_v2
    ADD CONSTRAINT nc_sort_v2_pkey PRIMARY KEY (id);


--
-- Name: nc_store nc_store_pkey; Type: CONSTRAINT; Schema: public; Owner: postgres
--

ALTER TABLE ONLY public.nc_store
    ADD CONSTRAINT nc_store_pkey PRIMARY KEY (id);


--
-- Name: nc_sync_logs_v2 nc_sync_logs_v2_pkey; Type: CONSTRAINT; Schema: public; Owner: postgres
--

ALTER TABLE ONLY public.nc_sync_logs_v2
    ADD CONSTRAINT nc_sync_logs_v2_pkey PRIMARY KEY (id);


--
-- Name: nc_sync_source_v2 nc_sync_source_v2_pkey; Type: CONSTRAINT; Schema: public; Owner: postgres
--

ALTER TABLE ONLY public.nc_sync_source_v2
    ADD CONSTRAINT nc_sync_source_v2_pkey PRIMARY KEY (id);


--
-- Name: nc_teams_v2 nc_teams_v2_pkey; Type: CONSTRAINT; Schema: public; Owner: postgres
--

ALTER TABLE ONLY public.nc_teams_v2
    ADD CONSTRAINT nc_teams_v2_pkey PRIMARY KEY (id);


--
-- Name: nc_users_v2 nc_users_v2_pkey; Type: CONSTRAINT; Schema: public; Owner: postgres
--

ALTER TABLE ONLY public.nc_users_v2
    ADD CONSTRAINT nc_users_v2_pkey PRIMARY KEY (id);


--
-- Name: nc_views_v2 nc_views_v2_pkey; Type: CONSTRAINT; Schema: public; Owner: postgres
--

ALTER TABLE ONLY public.nc_views_v2
    ADD CONSTRAINT nc_views_v2_pkey PRIMARY KEY (id);


--
-- Name: notification notification_pkey; Type: CONSTRAINT; Schema: public; Owner: postgres
--

ALTER TABLE ONLY public.notification
    ADD CONSTRAINT notification_pkey PRIMARY KEY (id);


--
-- Name: xc_knex_migrations_lock xc_knex_migrations_lock_pkey; Type: CONSTRAINT; Schema: public; Owner: postgres
--

ALTER TABLE ONLY public.xc_knex_migrations_lock
    ADD CONSTRAINT xc_knex_migrations_lock_pkey PRIMARY KEY (index);


--
-- Name: xc_knex_migrations xc_knex_migrations_pkey; Type: CONSTRAINT; Schema: public; Owner: postgres
--

ALTER TABLE ONLY public.xc_knex_migrations
    ADD CONSTRAINT xc_knex_migrations_pkey PRIMARY KEY (id);


--
-- Name: xc_knex_migrationsv2_lock xc_knex_migrationsv2_lock_pkey; Type: CONSTRAINT; Schema: public; Owner: postgres
--

ALTER TABLE ONLY public.xc_knex_migrationsv2_lock
    ADD CONSTRAINT xc_knex_migrationsv2_lock_pkey PRIMARY KEY (index);


--
-- Name: xc_knex_migrationsv2 xc_knex_migrationsv2_pkey; Type: CONSTRAINT; Schema: public; Owner: postgres
--

ALTER TABLE ONLY public.xc_knex_migrationsv2
    ADD CONSTRAINT xc_knex_migrationsv2_pkey PRIMARY KEY (id);


--
-- Name: `nc_audit_index`; Type: INDEX; Schema: public; Owner: postgres
--

CREATE INDEX "`nc_audit_index`" ON public.nc_audit USING btree (db_alias, project_id, model_name, model_id);


--
-- Name: nc_api_tokens_fk_user_id_index; Type: INDEX; Schema: public; Owner: postgres
--

CREATE INDEX nc_api_tokens_fk_user_id_index ON public.nc_api_tokens USING btree (fk_user_id);


--
-- Name: nc_audit_v2_fk_model_id_index; Type: INDEX; Schema: public; Owner: postgres
--

CREATE INDEX nc_audit_v2_fk_model_id_index ON public.nc_audit_v2 USING btree (fk_model_id);


--
-- Name: nc_audit_v2_project_id_index; Type: INDEX; Schema: public; Owner: postgres
--

CREATE INDEX nc_audit_v2_project_id_index ON public.nc_audit_v2 USING btree (base_id);


--
-- Name: nc_audit_v2_row_id_index; Type: INDEX; Schema: public; Owner: postgres
--

CREATE INDEX nc_audit_v2_row_id_index ON public.nc_audit_v2 USING btree (row_id);


--
-- Name: nc_bases_v2_project_id_index; Type: INDEX; Schema: public; Owner: postgres
--

CREATE INDEX nc_bases_v2_project_id_index ON public.nc_sources_v2 USING btree (base_id);


--
-- Name: nc_col_barcode_v2_fk_column_id_index; Type: INDEX; Schema: public; Owner: postgres
--

CREATE INDEX nc_col_barcode_v2_fk_column_id_index ON public.nc_col_barcode_v2 USING btree (fk_column_id);


--
-- Name: nc_col_formula_v2_fk_column_id_index; Type: INDEX; Schema: public; Owner: postgres
--

CREATE INDEX nc_col_formula_v2_fk_column_id_index ON public.nc_col_formula_v2 USING btree (fk_column_id);


--
-- Name: nc_col_lookup_v2_fk_column_id_index; Type: INDEX; Schema: public; Owner: postgres
--

CREATE INDEX nc_col_lookup_v2_fk_column_id_index ON public.nc_col_lookup_v2 USING btree (fk_column_id);


--
-- Name: nc_col_lookup_v2_fk_lookup_column_id_index; Type: INDEX; Schema: public; Owner: postgres
--

CREATE INDEX nc_col_lookup_v2_fk_lookup_column_id_index ON public.nc_col_lookup_v2 USING btree (fk_lookup_column_id);


--
-- Name: nc_col_lookup_v2_fk_relation_column_id_index; Type: INDEX; Schema: public; Owner: postgres
--

CREATE INDEX nc_col_lookup_v2_fk_relation_column_id_index ON public.nc_col_lookup_v2 USING btree (fk_relation_column_id);


--
-- Name: nc_col_qrcode_v2_fk_column_id_index; Type: INDEX; Schema: public; Owner: postgres
--

CREATE INDEX nc_col_qrcode_v2_fk_column_id_index ON public.nc_col_qrcode_v2 USING btree (fk_column_id);


--
-- Name: nc_col_relations_v2_fk_child_column_id_index; Type: INDEX; Schema: public; Owner: postgres
--

CREATE INDEX nc_col_relations_v2_fk_child_column_id_index ON public.nc_col_relations_v2 USING btree (fk_child_column_id);


--
-- Name: nc_col_relations_v2_fk_column_id_index; Type: INDEX; Schema: public; Owner: postgres
--

CREATE INDEX nc_col_relations_v2_fk_column_id_index ON public.nc_col_relations_v2 USING btree (fk_column_id);


--
-- Name: nc_col_relations_v2_fk_mm_child_column_id_index; Type: INDEX; Schema: public; Owner: postgres
--

CREATE INDEX nc_col_relations_v2_fk_mm_child_column_id_index ON public.nc_col_relations_v2 USING btree (fk_mm_child_column_id);


--
-- Name: nc_col_relations_v2_fk_mm_model_id_index; Type: INDEX; Schema: public; Owner: postgres
--

CREATE INDEX nc_col_relations_v2_fk_mm_model_id_index ON public.nc_col_relations_v2 USING btree (fk_mm_model_id);


--
-- Name: nc_col_relations_v2_fk_mm_parent_column_id_index; Type: INDEX; Schema: public; Owner: postgres
--

CREATE INDEX nc_col_relations_v2_fk_mm_parent_column_id_index ON public.nc_col_relations_v2 USING btree (fk_mm_parent_column_id);


--
-- Name: nc_col_relations_v2_fk_parent_column_id_index; Type: INDEX; Schema: public; Owner: postgres
--

CREATE INDEX nc_col_relations_v2_fk_parent_column_id_index ON public.nc_col_relations_v2 USING btree (fk_parent_column_id);


--
-- Name: nc_col_relations_v2_fk_related_model_id_index; Type: INDEX; Schema: public; Owner: postgres
--

CREATE INDEX nc_col_relations_v2_fk_related_model_id_index ON public.nc_col_relations_v2 USING btree (fk_related_model_id);


--
-- Name: nc_col_rollup_v2_fk_column_id_index; Type: INDEX; Schema: public; Owner: postgres
--

CREATE INDEX nc_col_rollup_v2_fk_column_id_index ON public.nc_col_rollup_v2 USING btree (fk_column_id);


--
-- Name: nc_col_rollup_v2_fk_relation_column_id_index; Type: INDEX; Schema: public; Owner: postgres
--

CREATE INDEX nc_col_rollup_v2_fk_relation_column_id_index ON public.nc_col_rollup_v2 USING btree (fk_relation_column_id);


--
-- Name: nc_col_rollup_v2_fk_rollup_column_id_index; Type: INDEX; Schema: public; Owner: postgres
--

CREATE INDEX nc_col_rollup_v2_fk_rollup_column_id_index ON public.nc_col_rollup_v2 USING btree (fk_rollup_column_id);


--
-- Name: nc_col_select_options_v2_fk_column_id_index; Type: INDEX; Schema: public; Owner: postgres
--

CREATE INDEX nc_col_select_options_v2_fk_column_id_index ON public.nc_col_select_options_v2 USING btree (fk_column_id);


--
-- Name: nc_columns_v2_fk_model_id_index; Type: INDEX; Schema: public; Owner: postgres
--

CREATE INDEX nc_columns_v2_fk_model_id_index ON public.nc_columns_v2 USING btree (fk_model_id);


--
-- Name: nc_disabled_models_for_role_v2_fk_view_id_index; Type: INDEX; Schema: public; Owner: postgres
--

CREATE INDEX nc_disabled_models_for_role_v2_fk_view_id_index ON public.nc_disabled_models_for_role_v2 USING btree (fk_view_id);


--
-- Name: nc_e7nm___nc_m2m_007mhrmiat_table1_id_index; Type: INDEX; Schema: public; Owner: postgres
--

CREATE INDEX nc_e7nm___nc_m2m_007mhrmiat_table1_id_index ON public.nc_e7nm___nc_m2m_007mhrmiat USING btree (table1_id);


--
-- Name: nc_e7nm___nc_m2m_007mhrmiat_table2_id_index; Type: INDEX; Schema: public; Owner: postgres
--

CREATE INDEX nc_e7nm___nc_m2m_007mhrmiat_table2_id_index ON public.nc_e7nm___nc_m2m_007mhrmiat USING btree (table2_id);


--
-- Name: nc_e7nm___nc_m2m_151ol2lo7a_table1_id_index; Type: INDEX; Schema: public; Owner: postgres
--

CREATE INDEX nc_e7nm___nc_m2m_151ol2lo7a_table1_id_index ON public.nc_e7nm___nc_m2m_151ol2lo7a USING btree (table1_id);


--
-- Name: nc_e7nm___nc_m2m_151ol2lo7a_table2_id_index; Type: INDEX; Schema: public; Owner: postgres
--

CREATE INDEX nc_e7nm___nc_m2m_151ol2lo7a_table2_id_index ON public.nc_e7nm___nc_m2m_151ol2lo7a USING btree (table2_id);


--
-- Name: nc_e7nm___nc_m2m_7hb1yhahw5_table1_id_index; Type: INDEX; Schema: public; Owner: postgres
--

CREATE INDEX nc_e7nm___nc_m2m_7hb1yhahw5_table1_id_index ON public.nc_e7nm___nc_m2m_7hb1yhahw5 USING btree (table1_id);


--
-- Name: nc_e7nm___nc_m2m_7hb1yhahw5_table2_id_index; Type: INDEX; Schema: public; Owner: postgres
--

CREATE INDEX nc_e7nm___nc_m2m_7hb1yhahw5_table2_id_index ON public.nc_e7nm___nc_m2m_7hb1yhahw5 USING btree (table2_id);


--
-- Name: nc_e7nm___nc_m2m_q863b2oj_i_table1_id_index; Type: INDEX; Schema: public; Owner: postgres
--

CREATE INDEX nc_e7nm___nc_m2m_q863b2oj_i_table1_id_index ON public.nc_e7nm___nc_m2m_q863b2oj_i USING btree (table1_id);


--
-- Name: nc_e7nm___nc_m2m_q863b2oj_i_table2_id_index; Type: INDEX; Schema: public; Owner: postgres
--

CREATE INDEX nc_e7nm___nc_m2m_q863b2oj_i_table2_id_index ON public.nc_e7nm___nc_m2m_q863b2oj_i USING btree (table2_id);


--
-- Name: nc_filter_exp_v2_fk_column_id_index; Type: INDEX; Schema: public; Owner: postgres
--

CREATE INDEX nc_filter_exp_v2_fk_column_id_index ON public.nc_filter_exp_v2 USING btree (fk_column_id);


--
-- Name: nc_filter_exp_v2_fk_hook_id_index; Type: INDEX; Schema: public; Owner: postgres
--

CREATE INDEX nc_filter_exp_v2_fk_hook_id_index ON public.nc_filter_exp_v2 USING btree (fk_hook_id);


--
-- Name: nc_filter_exp_v2_fk_parent_id_index; Type: INDEX; Schema: public; Owner: postgres
--

CREATE INDEX nc_filter_exp_v2_fk_parent_id_index ON public.nc_filter_exp_v2 USING btree (fk_parent_id);


--
-- Name: nc_filter_exp_v2_fk_view_id_index; Type: INDEX; Schema: public; Owner: postgres
--

CREATE INDEX nc_filter_exp_v2_fk_view_id_index ON public.nc_filter_exp_v2 USING btree (fk_view_id);


--
-- Name: nc_form_view_columns_v2_fk_column_id_index; Type: INDEX; Schema: public; Owner: postgres
--

CREATE INDEX nc_form_view_columns_v2_fk_column_id_index ON public.nc_form_view_columns_v2 USING btree (fk_column_id);


--
-- Name: nc_form_view_columns_v2_fk_view_id_index; Type: INDEX; Schema: public; Owner: postgres
--

CREATE INDEX nc_form_view_columns_v2_fk_view_id_index ON public.nc_form_view_columns_v2 USING btree (fk_view_id);


--
-- Name: nc_form_view_v2_fk_view_id_index; Type: INDEX; Schema: public; Owner: postgres
--

CREATE INDEX nc_form_view_v2_fk_view_id_index ON public.nc_form_view_v2 USING btree (fk_view_id);


--
-- Name: nc_gallery_view_columns_v2_fk_column_id_index; Type: INDEX; Schema: public; Owner: postgres
--

CREATE INDEX nc_gallery_view_columns_v2_fk_column_id_index ON public.nc_gallery_view_columns_v2 USING btree (fk_column_id);


--
-- Name: nc_gallery_view_columns_v2_fk_view_id_index; Type: INDEX; Schema: public; Owner: postgres
--

CREATE INDEX nc_gallery_view_columns_v2_fk_view_id_index ON public.nc_gallery_view_columns_v2 USING btree (fk_view_id);


--
-- Name: nc_gallery_view_v2_fk_view_id_index; Type: INDEX; Schema: public; Owner: postgres
--

CREATE INDEX nc_gallery_view_v2_fk_view_id_index ON public.nc_gallery_view_v2 USING btree (fk_view_id);


--
-- Name: nc_grid_view_columns_v2_fk_column_id_index; Type: INDEX; Schema: public; Owner: postgres
--

CREATE INDEX nc_grid_view_columns_v2_fk_column_id_index ON public.nc_grid_view_columns_v2 USING btree (fk_column_id);


--
-- Name: nc_grid_view_columns_v2_fk_view_id_index; Type: INDEX; Schema: public; Owner: postgres
--

CREATE INDEX nc_grid_view_columns_v2_fk_view_id_index ON public.nc_grid_view_columns_v2 USING btree (fk_view_id);


--
-- Name: nc_grid_view_v2_fk_view_id_index; Type: INDEX; Schema: public; Owner: postgres
--

CREATE INDEX nc_grid_view_v2_fk_view_id_index ON public.nc_grid_view_v2 USING btree (fk_view_id);


--
-- Name: nc_hooks_v2_fk_model_id_index; Type: INDEX; Schema: public; Owner: postgres
--

CREATE INDEX nc_hooks_v2_fk_model_id_index ON public.nc_hooks_v2 USING btree (fk_model_id);


--
-- Name: nc_kanban_view_columns_v2_fk_column_id_index; Type: INDEX; Schema: public; Owner: postgres
--

CREATE INDEX nc_kanban_view_columns_v2_fk_column_id_index ON public.nc_kanban_view_columns_v2 USING btree (fk_column_id);


--
-- Name: nc_kanban_view_columns_v2_fk_view_id_index; Type: INDEX; Schema: public; Owner: postgres
--

CREATE INDEX nc_kanban_view_columns_v2_fk_view_id_index ON public.nc_kanban_view_columns_v2 USING btree (fk_view_id);


--
-- Name: nc_kanban_view_v2_fk_grp_col_id_index; Type: INDEX; Schema: public; Owner: postgres
--

CREATE INDEX nc_kanban_view_v2_fk_grp_col_id_index ON public.nc_kanban_view_v2 USING btree (fk_grp_col_id);


--
-- Name: nc_kanban_view_v2_fk_view_id_index; Type: INDEX; Schema: public; Owner: postgres
--

CREATE INDEX nc_kanban_view_v2_fk_view_id_index ON public.nc_kanban_view_v2 USING btree (fk_view_id);


--
-- Name: nc_map_view_columns_v2_fk_column_id_index; Type: INDEX; Schema: public; Owner: postgres
--

CREATE INDEX nc_map_view_columns_v2_fk_column_id_index ON public.nc_map_view_columns_v2 USING btree (fk_column_id);


--
-- Name: nc_map_view_columns_v2_fk_view_id_index; Type: INDEX; Schema: public; Owner: postgres
--

CREATE INDEX nc_map_view_columns_v2_fk_view_id_index ON public.nc_map_view_columns_v2 USING btree (fk_view_id);


--
-- Name: nc_map_view_v2_fk_geo_data_col_id_index; Type: INDEX; Schema: public; Owner: postgres
--

CREATE INDEX nc_map_view_v2_fk_geo_data_col_id_index ON public.nc_map_view_v2 USING btree (fk_geo_data_col_id);


--
-- Name: nc_map_view_v2_fk_view_id_index; Type: INDEX; Schema: public; Owner: postgres
--

CREATE INDEX nc_map_view_v2_fk_view_id_index ON public.nc_map_view_v2 USING btree (fk_view_id);


--
-- Name: nc_models_db_alias_title_index; Type: INDEX; Schema: public; Owner: postgres
--

CREATE INDEX nc_models_db_alias_title_index ON public.nc_models USING btree (db_alias, title);


--
-- Name: nc_models_order_index; Type: INDEX; Schema: public; Owner: postgres
--

CREATE INDEX nc_models_order_index ON public.nc_models USING btree ("order");


--
-- Name: nc_models_v2_base_id_index; Type: INDEX; Schema: public; Owner: postgres
--

CREATE INDEX nc_models_v2_base_id_index ON public.nc_models_v2 USING btree (source_id);


--
-- Name: nc_models_v2_project_id_index; Type: INDEX; Schema: public; Owner: postgres
--

CREATE INDEX nc_models_v2_project_id_index ON public.nc_models_v2 USING btree (base_id);


--
-- Name: nc_models_view_order_index; Type: INDEX; Schema: public; Owner: postgres
--

CREATE INDEX nc_models_view_order_index ON public.nc_models USING btree (view_order);


--
-- Name: nc_project_users_v2_fk_user_id_index; Type: INDEX; Schema: public; Owner: postgres
--

CREATE INDEX nc_project_users_v2_fk_user_id_index ON public.nc_base_users_v2 USING btree (fk_user_id);


--
-- Name: nc_project_users_v2_project_id_index; Type: INDEX; Schema: public; Owner: postgres
--

CREATE INDEX nc_project_users_v2_project_id_index ON public.nc_base_users_v2 USING btree (base_id);


--
-- Name: nc_projects_users_project_id_index; Type: INDEX; Schema: public; Owner: postgres
--

CREATE INDEX nc_projects_users_project_id_index ON public.nc_projects_users USING btree (project_id);


--
-- Name: nc_projects_users_user_id_index; Type: INDEX; Schema: public; Owner: postgres
--

CREATE INDEX nc_projects_users_user_id_index ON public.nc_projects_users USING btree (user_id);


--
-- Name: nc_relations_db_alias_tn_index; Type: INDEX; Schema: public; Owner: postgres
--

CREATE INDEX nc_relations_db_alias_tn_index ON public.nc_relations USING btree (db_alias, tn);


--
-- Name: nc_routes_db_alias_title_tn_index; Type: INDEX; Schema: public; Owner: postgres
--

CREATE INDEX nc_routes_db_alias_title_tn_index ON public.nc_routes USING btree (db_alias, title, tn);


--
-- Name: nc_shared_views_v2_fk_view_id_index; Type: INDEX; Schema: public; Owner: postgres
--

CREATE INDEX nc_shared_views_v2_fk_view_id_index ON public.nc_shared_views_v2 USING btree (fk_view_id);


--
-- Name: nc_sort_v2_fk_column_id_index; Type: INDEX; Schema: public; Owner: postgres
--

CREATE INDEX nc_sort_v2_fk_column_id_index ON public.nc_sort_v2 USING btree (fk_column_id);


--
-- Name: nc_sort_v2_fk_view_id_index; Type: INDEX; Schema: public; Owner: postgres
--

CREATE INDEX nc_sort_v2_fk_view_id_index ON public.nc_sort_v2 USING btree (fk_view_id);


--
-- Name: nc_store_key_index; Type: INDEX; Schema: public; Owner: postgres
--

CREATE INDEX nc_store_key_index ON public.nc_store USING btree (key);


--
-- Name: nc_sync_source_v2_base_id_index; Type: INDEX; Schema: public; Owner: postgres
--

CREATE INDEX nc_sync_source_v2_base_id_index ON public.nc_sync_source_v2 USING btree (source_id);


--
-- Name: nc_sync_source_v2_project_id_index; Type: INDEX; Schema: public; Owner: postgres
--

CREATE INDEX nc_sync_source_v2_project_id_index ON public.nc_sync_source_v2 USING btree (base_id);


--
-- Name: nc_views_v2_fk_model_id_index; Type: INDEX; Schema: public; Owner: postgres
--

CREATE INDEX nc_views_v2_fk_model_id_index ON public.nc_views_v2 USING btree (fk_model_id);


--
-- Name: notification_created_at_index; Type: INDEX; Schema: public; Owner: postgres
--

CREATE INDEX notification_created_at_index ON public.notification USING btree (created_at);


--
-- Name: notification_fk_user_id_index; Type: INDEX; Schema: public; Owner: postgres
--

CREATE INDEX notification_fk_user_id_index ON public.notification USING btree (fk_user_id);


--
-- Name: xc_disabled124_idx; Type: INDEX; Schema: public; Owner: postgres
--

CREATE INDEX xc_disabled124_idx ON public.nc_disabled_models_for_role USING btree (project_id, db_alias, title, type, role);


--
-- Name: nc_team_users_v2 nc_team_users_v2_org_id_foreign; Type: FK CONSTRAINT; Schema: public; Owner: postgres
--

ALTER TABLE ONLY public.nc_team_users_v2
    ADD CONSTRAINT nc_team_users_v2_org_id_foreign FOREIGN KEY (org_id) REFERENCES public.nc_orgs_v2(id);


--
-- Name: nc_team_users_v2 nc_team_users_v2_user_id_foreign; Type: FK CONSTRAINT; Schema: public; Owner: postgres
--

ALTER TABLE ONLY public.nc_team_users_v2
    ADD CONSTRAINT nc_team_users_v2_user_id_foreign FOREIGN KEY (user_id) REFERENCES public.nc_users_v2(id);


--
-- Name: nc_teams_v2 nc_teams_v2_org_id_foreign; Type: FK CONSTRAINT; Schema: public; Owner: postgres
--

ALTER TABLE ONLY public.nc_teams_v2
    ADD CONSTRAINT nc_teams_v2_org_id_foreign FOREIGN KEY (org_id) REFERENCES public.nc_orgs_v2(id);


--
-- PostgreSQL database dump complete
--

